Female,Left Hand,Whatsapp,
Male,Right Hand,Whatsapp,20-25
Female,Left Hand,Whatsapp,
Female,Left Hand,Whatsapp,20-25
Male,Left Hand,Whatsapp,30-35
Male,Both Hands,Whatsapp,20-25
Male,Right Hand,Whatsapp,25-30
Male,Left Hand,Whatsapp,25-30
Female,Both Hands,Whatsapp,30-35
Female,Both Hands,Whatsapp,25-30
Male,Right Hand,Whatsapp,25-30
Male,Left Hand,Whatsapp,
Female,Left Hand,Whatsapp,25-30
Male,Right Hand,Whatsapp,
Female,Left Hand,Whatsapp,30-35
Male,Both Hands,Whatsapp,25-30
Male,Right Hand,Whatsapp,30-35
Female,Right Hand,Whatsapp,25-30
Male,Right Hand,Whatsapp,20-25
Female,Right Hand,Whatsapp,30-35
Male,Both Hands,Whatsapp,
Female,Right Hand,Whatsapp,
Male,Both Hands,Whatsapp,30-35
Male,Left Hand,Whatsapp,20-25
Male,Right Hand,Whatsapp,20-25
Male,Left Hand,Whatsapp,
Male,Right Hand,Whatsapp,20-25
