Female,Right Hand,Instagram,
Female,Right Hand,Instagram,
Male,Right Hand,Instagram,20-25
Female,Left Hand,Instagram,
Female,Both Hands,Instagram,25-30
Female,Both Hands,Instagram,
Female,Right Hand,Instagram,30-35
Male,Right Hand,Instagram,25-30
Female,Left Hand,Instagram,30-35
Male,Right Hand,Instagram,30-35
Female,Left Hand,Instagram,25-30
Female,Right Hand,Instagram,25-30
Male,Left Hand,Instagram,
Male,Right Hand,Instagram,20-25
Male,Left Hand,Instagram,25-30
Male,Both Hands,Instagram,20-25
Male,Both Hands,Instagram,25-30
Female,Both Hands,Instagram,30-35
Male,Both Hands,Instagram,
Male,Both Hands,Instagram,30-35
Male,Right Hand,Instagram,
Male,Left Hand,Instagram,20-25
Male,Right Hand,Instagram,20-25
Female,Left Hand,Instagram,
Male,Left Hand,Instagram,30-35
Male,Right Hand,Instagram,20-25
Male,Right Hand,Instagram,25-30
Female,Left Hand,Instagram,20-25
Male,Left Hand,Instagram,
