ind,Orig,Pred,,,,,,,,,
1,Standing,20-25,,,,,,,,,
2,Standing,25-30,,,,,,,,,
3,Standing,25-30,,,,,,,,,
4,Standing,25-30,,,.,SVM,,,,,
5,Standing,25-30,,,,<20,20-25,25-30,30-35,>35,Grand Total
6,Standing,25-30,,,Laying,13,140,200,165,19,537
7,Standing,30-35,,,Sitting,45,119,121,201,5,491
8,Standing,30-35,,,Standing,41,123,186,159,23,532
9,Standing,25-30,,,Walking,1,175,218,31,71,496
10,Standing,25-30,,,Walking DownStairs,2,155,119,71,73,420
11,Standing,30-35,,,Walking Upstairs,3,151,189,80,48,471
12,Standing,30-35,,,Grand Total,105,863,1033,707,239,2947
13,Standing,30-35,,,,,,,,,
14,Standing,30-35,,,,,,,,,
15,Standing,25-30,,,,,,,,,
16,Standing,25-30,,,,,,,,,
17,Standing,25-30,,,,,,,,,
18,Standing,25-30,,,,,,,,,
19,Standing,25-30,,,,,,,,,
20,Standing,20-25,,,,,,,,,
21,Standing,20-25,,,,,,,,,
22,Standing,20-25,,,,,,,,,
23,Standing,20-25,,,,,,,,,
24,Standing,25-30,,,,,,,,,
25,Standing,25-30,,,,,,,,,
26,Standing,20-25,,,,,,,,,
27,Standing,20-25,,,,,,,,,
28,Standing,30-35,,,,,,,,,
29,Standing,<20,,,,,,,,,
30,Standing,25-30,,,,,,,,,
31,Standing,30-35,,,,,,,,,
32,Sitting,30-35,,,,,,,,,
33,Sitting,30-35,,,,,,,,,
34,Sitting,30-35,,,,,,,,,
35,Sitting,20-25,,,,,,,,,
36,Sitting,<20,,,,,,,,,
37,Sitting,30-35,,,,,,,,,
38,Sitting,30-35,,,,,,,,,
39,Sitting,30-35,,,,,,,,,
40,Sitting,30-35,,,,,,,,,
41,Sitting,30-35,,,,,,,,,
42,Sitting,<20,,,,,,,,,
43,Sitting,30-35,,,,,,,,,
44,Sitting,20-25,,,,,,,,,
45,Sitting,25-30,,,,,,,,,
46,Sitting,25-30,,,,,,,,,
47,Sitting,25-30,,,,,,,,,
48,Sitting,30-35,,,,,,,,,
49,Sitting,20-25,,,,,,,,,
50,Sitting,20-25,,,,,,,,,
51,Sitting,20-25,,,,,,,,,
52,Sitting,30-35,,,,,,,,,
53,Sitting,25-30,,,,,,,,,
54,Sitting,25-30,,,,,,,,,
55,Sitting,30-35,,,,,,,,,
56,Laying,25-30,,,,,,,,,
57,Laying,25-30,,,,,,,,,
58,Laying,25-30,,,,,,,,,
59,Laying,25-30,,,,,,,,,
60,Laying,25-30,,,,,,,,,
61,Laying,25-30,,,,,,,,,
62,Laying,30-35,,,,,,,,,
63,Laying,20-25,,,,,,,,,
64,Laying,>35,,,,,,,,,
65,Laying,25-30,,,,,,,,,
66,Laying,20-25,,,,,,,,,
67,Laying,20-25,,,,,,,,,
68,Laying,20-25,,,,,,,,,
69,Laying,25-30,,,,,,,,,
70,Laying,25-30,,,,,,,,,
71,Laying,25-30,,,,,,,,,
72,Laying,25-30,,,,,,,,,
73,Laying,25-30,,,,,,,,,
74,Laying,30-35,,,,,,,,,
75,Laying,20-25,,,,,,,,,
76,Laying,25-30,,,,,,,,,
77,Laying,20-25,,,,,,,,,
78,Laying,20-25,,,,,,,,,
79,Laying,25-30,,,,,,,,,
80,Walking,30-35,,,,,,,,,
81,Walking,>35,,,,,,,,,
82,Walking,25-30,,,,,,,,,
83,Walking,25-30,,,,,,,,,
84,Walking,25-30,,,,,,,,,
85,Walking,25-30,,,,,,,,,
86,Walking,25-30,,,,,,,,,
87,Walking,25-30,,,,,,,,,
88,Walking,25-30,,,,,,,,,
89,Walking,25-30,,,,,,,,,
90,Walking,>35,,,,,,,,,
91,Walking,25-30,,,,,,,,,
92,Walking,25-30,,,,,,,,,
93,Walking,25-30,,,,,,,,,
94,Walking,25-30,,,,,,,,,
95,Walking,>35,,,,,,,,,
96,Walking,>35,,,,,,,,,
97,Walking,20-25,,,,,,,,,
98,Walking,20-25,,,,,,,,,
99,Walking,25-30,,,,,,,,,
100,Walking,25-30,,,,,,,,,
101,Walking,25-30,,,,,,,,,
102,Walking,25-30,,,,,,,,,
103,Walking,25-30,,,,,,,,,
104,Walking,20-25,,,,,,,,,
105,Walking,25-30,,,,,,,,,
106,Walking,25-30,,,,,,,,,
107,Walking,25-30,,,,,,,,,
108,Walking,25-30,,,,,,,,,
109,Walking,25-30,,,,,,,,,
110,Walking DownStairs,25-30,,,,,,,,,
111,Walking DownStairs,>35,,,,,,,,,
112,Walking DownStairs,20-25,,,,,,,,,
113,Walking DownStairs,20-25,,,,,,,,,
114,Walking DownStairs,25-30,,,,,,,,,
115,Walking DownStairs,20-25,,,,,,,,,
116,Walking DownStairs,>35,,,,,,,,,
117,Walking DownStairs,20-25,,,,,,,,,
118,Walking DownStairs,20-25,,,,,,,,,
119,Walking DownStairs,30-35,,,,,,,,,
120,Walking DownStairs,30-35,,,,,,,,,
121,Walking DownStairs,30-35,,,,,,,,,
122,Walking DownStairs,20-25,,,,,,,,,
123,Walking DownStairs,20-25,,,,,,,,,
124,Walking DownStairs,20-25,,,,,,,,,
125,Walking DownStairs,25-30,,,,,,,,,
126,Walking DownStairs,25-30,,,,,,,,,
127,Walking DownStairs,30-35,,,,,,,,,
128,Walking DownStairs,30-35,,,,,,,,,
129,Walking DownStairs,30-35,,,,,,,,,
130,Walking DownStairs,>35,,,,,,,,,
131,Walking DownStairs,20-25,,,,,,,,,
132,Walking DownStairs,25-30,,,,,,,,,
133,Walking DownStairs,25-30,,,,,,,,,
134,Walking Upstairs,25-30,,,,,,,,,
135,Walking Upstairs,25-30,,,,,,,,,
136,Walking Upstairs,25-30,,,,,,,,,
137,Walking Upstairs,25-30,,,,,,,,,
138,Walking Upstairs,25-30,,,,,,,,,
139,Walking Upstairs,25-30,,,,,,,,,
140,Walking Upstairs,<20,,,,,,,,,
141,Walking Upstairs,>35,,,,,,,,,
142,Walking Upstairs,>35,,,,,,,,,
143,Walking Upstairs,20-25,,,,,,,,,
144,Walking Upstairs,20-25,,,,,,,,,
145,Walking Upstairs,25-30,,,,,,,,,
146,Walking Upstairs,25-30,,,,,,,,,
147,Walking Upstairs,20-25,,,,,,,,,
148,Walking Upstairs,20-25,,,,,,,,,
149,Walking Upstairs,20-25,,,,,,,,,
150,Walking Upstairs,30-35,,,,,,,,,
151,Walking Upstairs,30-35,,,,,,,,,
152,Walking Upstairs,30-35,,,,,,,,,
153,Walking Upstairs,25-30,,,,,,,,,
154,Walking Upstairs,25-30,,,,,,,,,
155,Walking Upstairs,20-25,,,,,,,,,
156,Walking Upstairs,25-30,,,,,,,,,
157,Walking Upstairs,20-25,,,,,,,,,
158,Walking Upstairs,30-35,,,,,,,,,
159,Standing,20-25,,,,,,,,,
160,Standing,20-25,,,,,,,,,
161,Standing,20-25,,,,,,,,,
162,Standing,30-35,,,,,,,,,
163,Standing,30-35,,,,,,,,,
164,Standing,30-35,,,,,,,,,
165,Standing,30-35,,,,,,,,,
166,Standing,<20,,,,,,,,,
167,Standing,<20,,,,,,,,,
168,Standing,20-25,,,,,,,,,
169,Standing,30-35,,,,,,,,,
170,Standing,25-30,,,,,,,,,
171,Standing,25-30,,,,,,,,,
172,Standing,25-30,,,,,,,,,
173,Standing,20-25,,,,,,,,,
174,Standing,20-25,,,,,,,,,
175,Standing,30-35,,,,,,,,,
176,Standing,30-35,,,,,,,,,
177,Standing,30-35,,,,,,,,,
178,Standing,<20,,,,,,,,,
179,Standing,25-30,,,,,,,,,
180,Standing,30-35,,,,,,,,,
181,Standing,30-35,,,,,,,,,
182,Sitting,20-25,,,,,,,,,
183,Sitting,20-25,,,,,,,,,
184,Sitting,20-25,,,,,,,,,
185,Sitting,20-25,,,,,,,,,
186,Sitting,20-25,,,,,,,,,
187,Sitting,<20,,,,,,,,,
188,Sitting,30-35,,,,,,,,,
189,Sitting,30-35,,,,,,,,,
190,Sitting,30-35,,,,,,,,,
191,Sitting,30-35,,,,,,,,,
192,Sitting,25-30,,,,,,,,,
193,Sitting,25-30,,,,,,,,,
194,Sitting,25-30,,,,,,,,,
195,Sitting,25-30,,,,,,,,,
196,Sitting,25-30,,,,,,,,,
197,Sitting,20-25,,,,,,,,,
198,Sitting,20-25,,,,,,,,,
199,Sitting,20-25,,,,,,,,,
200,Sitting,20-25,,,,,,,,,
201,Sitting,20-25,,,,,,,,,
202,Sitting,30-35,,,,,,,,,
203,Sitting,30-35,,,,,,,,,
204,Laying,20-25,,,,,,,,,
205,Laying,20-25,,,,,,,,,
206,Laying,20-25,,,,,,,,,
207,Laying,25-30,,,,,,,,,
208,Laying,25-30,,,,,,,,,
209,Laying,25-30,,,,,,,,,
210,Laying,25-30,,,,,,,,,
211,Laying,25-30,,,,,,,,,
212,Laying,<20,,,,,,,,,
213,Laying,25-30,,,,,,,,,
214,Laying,30-35,,,,,,,,,
215,Laying,20-25,,,,,,,,,
216,Laying,20-25,,,,,,,,,
217,Laying,20-25,,,,,,,,,
218,Laying,25-30,,,,,,,,,
219,Laying,25-30,,,,,,,,,
220,Laying,25-30,,,,,,,,,
221,Laying,25-30,,,,,,,,,
222,Laying,30-35,,,,,,,,,
223,Laying,25-30,,,,,,,,,
224,Laying,30-35,,,,,,,,,
225,Laying,30-35,,,,,,,,,
226,Laying,20-25,,,,,,,,,
227,Laying,30-35,,,,,,,,,
228,Walking,>35,,,,,,,,,
229,Walking,>35,,,,,,,,,
230,Walking,25-30,,,,,,,,,
231,Walking,20-25,,,,,,,,,
232,Walking,20-25,,,,,,,,,
233,Walking,20-25,,,,,,,,,
234,Walking,20-25,,,,,,,,,
235,Walking,20-25,,,,,,,,,
236,Walking,25-30,,,,,,,,,
237,Walking,20-25,,,,,,,,,
238,Walking,20-25,,,,,,,,,
239,Walking,20-25,,,,,,,,,
240,Walking,20-25,,,,,,,,,
241,Walking,25-30,,,,,,,,,
242,Walking,20-25,,,,,,,,,
243,Walking,>35,,,,,,,,,
244,Walking,>35,,,,,,,,,
245,Walking,20-25,,,,,,,,,
246,Walking,25-30,,,,,,,,,
247,Walking,20-25,,,,,,,,,
248,Walking,20-25,,,,,,,,,
249,Walking,>35,,,,,,,,,
250,Walking,20-25,,,,,,,,,
251,Walking,20-25,,,,,,,,,
252,Walking,20-25,,,,,,,,,
253,Walking,25-30,,,,,,,,,
254,Walking,20-25,,,,,,,,,
255,Walking,25-30,,,,,,,,,
256,Walking,25-30,,,,,,,,,
257,Walking DownStairs,>35,,,,,,,,,
258,Walking DownStairs,25-30,,,,,,,,,
259,Walking DownStairs,25-30,,,,,,,,,
260,Walking DownStairs,25-30,,,,,,,,,
261,Walking DownStairs,25-30,,,,,,,,,
262,Walking DownStairs,20-25,,,,,,,,,
263,Walking DownStairs,20-25,,,,,,,,,
264,Walking DownStairs,20-25,,,,,,,,,
265,Walking DownStairs,>35,,,,,,,,,
266,Walking DownStairs,25-30,,,,,,,,,
267,Walking DownStairs,25-30,,,,,,,,,
268,Walking DownStairs,20-25,,,,,,,,,
269,Walking DownStairs,20-25,,,,,,,,,
270,Walking DownStairs,>35,,,,,,,,,
271,Walking DownStairs,20-25,,,,,,,,,
272,Walking DownStairs,25-30,,,,,,,,,
273,Walking DownStairs,25-30,,,,,,,,,
274,Walking DownStairs,25-30,,,,,,,,,
275,Walking DownStairs,25-30,,,,,,,,,
276,Walking DownStairs,25-30,,,,,,,,,
277,Walking DownStairs,>35,,,,,,,,,
278,Walking DownStairs,20-25,,,,,,,,,
279,Walking DownStairs,20-25,,,,,,,,,
280,Walking Upstairs,>35,,,,,,,,,
281,Walking Upstairs,>35,,,,,,,,,
282,Walking Upstairs,25-30,,,,,,,,,
283,Walking Upstairs,20-25,,,,,,,,,
284,Walking Upstairs,25-30,,,,,,,,,
285,Walking Upstairs,25-30,,,,,,,,,
286,Walking Upstairs,>35,,,,,,,,,
287,Walking Upstairs,20-25,,,,,,,,,
288,Walking Upstairs,25-30,,,,,,,,,
289,Walking Upstairs,25-30,,,,,,,,,
290,Walking Upstairs,25-30,,,,,,,,,
291,Walking Upstairs,25-30,,,,,,,,,
292,Walking Upstairs,25-30,,,,,,,,,
293,Walking Upstairs,25-30,,,,,,,,,
294,Walking Upstairs,25-30,,,,,,,,,
295,Walking Upstairs,25-30,,,,,,,,,
296,Walking Upstairs,25-30,,,,,,,,,
297,Walking Upstairs,25-30,,,,,,,,,
298,Walking Upstairs,25-30,,,,,,,,,
299,Walking Upstairs,25-30,,,,,,,,,
300,Walking Upstairs,25-30,,,,,,,,,
301,Walking Upstairs,>35,,,,,,,,,
302,Walking Upstairs,>35,,,,,,,,,
303,Standing,20-25,,,,,,,,,
304,Standing,20-25,,,,,,,,,
305,Standing,25-30,,,,,,,,,
306,Standing,>35,,,,,,,,,
307,Standing,25-30,,,,,,,,,
308,Standing,20-25,,,,,,,,,
309,Standing,20-25,,,,,,,,,
310,Standing,30-35,,,,,,,,,
311,Standing,30-35,,,,,,,,,
312,Standing,30-35,,,,,,,,,
313,Standing,30-35,,,,,,,,,
314,Standing,30-35,,,,,,,,,
315,Standing,20-25,,,,,,,,,
316,Standing,30-35,,,,,,,,,
317,Standing,30-35,,,,,,,,,
318,Standing,30-35,,,,,,,,,
319,Standing,25-30,,,,,,,,,
320,Standing,20-25,,,,,,,,,
321,Standing,20-25,,,,,,,,,
322,Standing,20-25,,,,,,,,,
323,Standing,30-35,,,,,,,,,
324,Standing,25-30,,,,,,,,,
325,Standing,<20,,,,,,,,,
326,Standing,20-25,,,,,,,,,
327,Standing,<20,,,,,,,,,
328,Standing,25-30,,,,,,,,,
329,Standing,30-35,,,,,,,,,
330,Standing,25-30,,,,,,,,,
331,Sitting,20-25,,,,,,,,,
332,Sitting,20-25,,,,,,,,,
333,Sitting,20-25,,,,,,,,,
334,Sitting,20-25,,,,,,,,,
335,Sitting,30-35,,,,,,,,,
336,Sitting,25-30,,,,,,,,,
337,Sitting,25-30,,,,,,,,,
338,Sitting,30-35,,,,,,,,,
339,Sitting,30-35,,,,,,,,,
340,Sitting,30-35,,,,,,,,,
341,Sitting,30-35,,,,,,,,,
342,Sitting,30-35,,,,,,,,,
343,Sitting,25-30,,,,,,,,,
344,Sitting,25-30,,,,,,,,,
345,Sitting,25-30,,,,,,,,,
346,Sitting,20-25,,,,,,,,,
347,Sitting,20-25,,,,,,,,,
348,Sitting,20-25,,,,,,,,,
349,Sitting,20-25,,,,,,,,,
350,Sitting,30-35,,,,,,,,,
351,Sitting,30-35,,,,,,,,,
352,Sitting,25-30,,,,,,,,,
353,Sitting,30-35,,,,,,,,,
354,Sitting,30-35,,,,,,,,,
355,Laying,20-25,,,,,,,,,
356,Laying,20-25,,,,,,,,,
357,Laying,20-25,,,,,,,,,
358,Laying,20-25,,,,,,,,,
359,Laying,25-30,,,,,,,,,
360,Laying,25-30,,,,,,,,,
361,Laying,25-30,,,,,,,,,
362,Laying,20-25,,,,,,,,,
363,Laying,25-30,,,,,,,,,
364,Laying,30-35,,,,,,,,,
365,Laying,30-35,,,,,,,,,
366,Laying,30-35,,,,,,,,,
367,Laying,30-35,,,,,,,,,
368,Laying,30-35,,,,,,,,,
369,Laying,30-35,,,,,,,,,
370,Laying,25-30,,,,,,,,,
371,Laying,20-25,,,,,,,,,
372,Laying,20-25,,,,,,,,,
373,Laying,20-25,,,,,,,,,
374,Laying,>35,,,,,,,,,
375,Laying,25-30,,,,,,,,,
376,Laying,25-30,,,,,,,,,
377,Laying,25-30,,,,,,,,,
378,Laying,20-25,,,,,,,,,
379,Laying,30-35,,,,,,,,,
380,Laying,25-30,,,,,,,,,
381,Laying,30-35,,,,,,,,,
382,Laying,30-35,,,,,,,,,
383,Laying,30-35,,,,,,,,,
384,Laying,30-35,,,,,,,,,
385,Walking,25-30,,,,,,,,,
386,Walking,>35,,,,,,,,,
387,Walking,30-35,,,,,,,,,
388,Walking,20-25,,,,,,,,,
389,Walking,20-25,,,,,,,,,
390,Walking,20-25,,,,,,,,,
391,Walking,30-35,,,,,,,,,
392,Walking,>35,,,,,,,,,
393,Walking,20-25,,,,,,,,,
394,Walking,25-30,,,,,,,,,
395,Walking,>35,,,,,,,,,
396,Walking,30-35,,,,,,,,,
397,Walking,30-35,,,,,,,,,
398,Walking,20-25,,,,,,,,,
399,Walking,20-25,,,,,,,,,
400,Walking,20-25,,,,,,,,,
401,Walking,20-25,,,,,,,,,
402,Walking,20-25,,,,,,,,,
403,Walking,30-35,,,,,,,,,
404,Walking,30-35,,,,,,,,,
405,Walking,>35,,,,,,,,,
406,Walking,20-25,,,,,,,,,
407,Walking,20-25,,,,,,,,,
408,Walking,30-35,,,,,,,,,
409,Walking,>35,,,,,,,,,
410,Walking,20-25,,,,,,,,,
411,Walking,20-25,,,,,,,,,
412,Walking,20-25,,,,,,,,,
413,Walking,20-25,,,,,,,,,
414,Walking,20-25,,,,,,,,,
415,Walking,20-25,,,,,,,,,
416,Walking DownStairs,25-30,,,,,,,,,
417,Walking DownStairs,25-30,,,,,,,,,
418,Walking DownStairs,25-30,,,,,,,,,
419,Walking DownStairs,20-25,,,,,,,,,
420,Walking DownStairs,20-25,,,,,,,,,
421,Walking DownStairs,25-30,,,,,,,,,
422,Walking DownStairs,>35,,,,,,,,,
423,Walking DownStairs,25-30,,,,,,,,,
424,Walking DownStairs,25-30,,,,,,,,,
425,Walking DownStairs,25-30,,,,,,,,,
426,Walking DownStairs,20-25,,,,,,,,,
427,Walking DownStairs,25-30,,,,,,,,,
428,Walking DownStairs,20-25,,,,,,,,,
429,Walking DownStairs,20-25,,,,,,,,,
430,Walking DownStairs,25-30,,,,,,,,,
431,Walking DownStairs,25-30,,,,,,,,,
432,Walking DownStairs,25-30,,,,,,,,,
433,Walking DownStairs,25-30,,,,,,,,,
434,Walking DownStairs,25-30,,,,,,,,,
435,Walking DownStairs,20-25,,,,,,,,,
436,Walking DownStairs,25-30,,,,,,,,,
437,Walking DownStairs,20-25,,,,,,,,,
438,Walking DownStairs,20-25,,,,,,,,,
439,Walking Upstairs,25-30,,,,,,,,,
440,Walking Upstairs,25-30,,,,,,,,,
441,Walking Upstairs,20-25,,,,,,,,,
442,Walking Upstairs,20-25,,,,,,,,,
443,Walking Upstairs,20-25,,,,,,,,,
444,Walking Upstairs,25-30,,,,,,,,,
445,Walking Upstairs,20-25,,,,,,,,,
446,Walking Upstairs,20-25,,,,,,,,,
447,Walking Upstairs,30-35,,,,,,,,,
448,Walking Upstairs,30-35,,,,,,,,,
449,Walking Upstairs,30-35,,,,,,,,,
450,Walking Upstairs,20-25,,,,,,,,,
451,Walking Upstairs,20-25,,,,,,,,,
452,Walking Upstairs,20-25,,,,,,,,,
453,Walking Upstairs,20-25,,,,,,,,,
454,Walking Upstairs,20-25,,,,,,,,,
455,Walking Upstairs,20-25,,,,,,,,,
456,Walking Upstairs,20-25,,,,,,,,,
457,Walking Upstairs,20-25,,,,,,,,,
458,Walking Upstairs,20-25,,,,,,,,,
459,Walking Upstairs,20-25,,,,,,,,,
460,Walking Upstairs,20-25,,,,,,,,,
461,Walking Upstairs,20-25,,,,,,,,,
462,Walking Upstairs,20-25,,,,,,,,,
463,Walking Upstairs,>35,,,,,,,,,
464,Walking Upstairs,20-25,,,,,,,,,
465,Walking Upstairs,>35,,,,,,,,,
466,Walking Upstairs,30-35,,,,,,,,,
467,Standing,25-30,,,,,,,,,
468,Standing,25-30,,,,,,,,,
469,Standing,30-35,,,,,,,,,
470,Standing,>35,,,,,,,,,
471,Standing,20-25,,,,,,,,,
472,Standing,20-25,,,,,,,,,
473,Standing,30-35,,,,,,,,,
474,Standing,25-30,,,,,,,,,
475,Standing,20-25,,,,,,,,,
476,Standing,>35,,,,,,,,,
477,Standing,25-30,,,,,,,,,
478,Standing,25-30,,,,,,,,,
479,Standing,25-30,,,,,,,,,
480,Standing,25-30,,,,,,,,,
481,Standing,30-35,,,,,,,,,
482,Standing,20-25,,,,,,,,,
483,Standing,25-30,,,,,,,,,
484,Standing,25-30,,,,,,,,,
485,Standing,>35,,,,,,,,,
486,Standing,20-25,,,,,,,,,
487,Standing,25-30,,,,,,,,,
488,Standing,30-35,,,,,,,,,
489,Standing,20-25,,,,,,,,,
490,Standing,25-30,,,,,,,,,
491,Standing,25-30,,,,,,,,,
492,Standing,30-35,,,,,,,,,
493,Standing,30-35,,,,,,,,,
494,Standing,25-30,,,,,,,,,
495,Sitting,20-25,,,,,,,,,
496,Sitting,20-25,,,,,,,,,
497,Sitting,20-25,,,,,,,,,
498,Sitting,20-25,,,,,,,,,
499,Sitting,30-35,,,,,,,,,
500,Sitting,25-30,,,,,,,,,
501,Sitting,25-30,,,,,,,,,
502,Sitting,30-35,,,,,,,,,
503,Sitting,>35,,,,,,,,,
504,Sitting,25-30,,,,,,,,,
505,Sitting,30-35,,,,,,,,,
506,Sitting,30-35,,,,,,,,,
507,Sitting,30-35,,,,,,,,,
508,Sitting,30-35,,,,,,,,,
509,Sitting,25-30,,,,,,,,,
510,Sitting,25-30,,,,,,,,,
511,Sitting,25-30,,,,,,,,,
512,Sitting,>35,,,,,,,,,
513,Sitting,<20,,,,,,,,,
514,Sitting,20-25,,,,,,,,,
515,Sitting,20-25,,,,,,,,,
516,Sitting,25-30,,,,,,,,,
517,Sitting,25-30,,,,,,,,,
518,Sitting,20-25,,,,,,,,,
519,Sitting,20-25,,,,,,,,,
520,Sitting,25-30,,,,,,,,,
521,Laying,20-25,,,,,,,,,
522,Laying,20-25,,,,,,,,,
523,Laying,20-25,,,,,,,,,
524,Laying,20-25,,,,,,,,,
525,Laying,25-30,,,,,,,,,
526,Laying,25-30,,,,,,,,,
527,Laying,25-30,,,,,,,,,
528,Laying,25-30,,,,,,,,,
529,Laying,25-30,,,,,,,,,
530,Laying,25-30,,,,,,,,,
531,Laying,30-35,,,,,,,,,
532,Laying,20-25,,,,,,,,,
533,Laying,20-25,,,,,,,,,
534,Laying,20-25,,,,,,,,,
535,Laying,20-25,,,,,,,,,
536,Laying,20-25,,,,,,,,,
537,Laying,25-30,,,,,,,,,
538,Laying,25-30,,,,,,,,,
539,Laying,25-30,,,,,,,,,
540,Laying,25-30,,,,,,,,,
541,Laying,30-35,,,,,,,,,
542,Laying,20-25,,,,,,,,,
543,Laying,30-35,,,,,,,,,
544,Laying,30-35,,,,,,,,,
545,Walking,25-30,,,,,,,,,
546,Walking,30-35,,,,,,,,,
547,Walking,>35,,,,,,,,,
548,Walking,25-30,,,,,,,,,
549,Walking,25-30,,,,,,,,,
550,Walking,30-35,,,,,,,,,
551,Walking,20-25,,,,,,,,,
552,Walking,20-25,,,,,,,,,
553,Walking,25-30,,,,,,,,,
554,Walking,30-35,,,,,,,,,
555,Walking,20-25,,,,,,,,,
556,Walking,25-30,,,,,,,,,
557,Walking,25-30,,,,,,,,,
558,Walking,25-30,,,,,,,,,
559,Walking,25-30,,,,,,,,,
560,Walking,20-25,,,,,,,,,
561,Walking,20-25,,,,,,,,,
562,Walking,>35,,,,,,,,,
563,Walking,25-30,,,,,,,,,
564,Walking,25-30,,,,,,,,,
565,Walking,30-35,,,,,,,,,
566,Walking,20-25,,,,,,,,,
567,Walking,25-30,,,,,,,,,
568,Walking,20-25,,,,,,,,,
569,Walking,20-25,,,,,,,,,
570,Walking,20-25,,,,,,,,,
571,Walking,25-30,,,,,,,,,
572,Walking,>35,,,,,,,,,
573,Walking,>35,,,,,,,,,
574,Walking DownStairs,25-30,,,,,,,,,
575,Walking DownStairs,25-30,,,,,,,,,
576,Walking DownStairs,25-30,,,,,,,,,
577,Walking DownStairs,25-30,,,,,,,,,
578,Walking DownStairs,20-25,,,,,,,,,
579,Walking DownStairs,20-25,,,,,,,,,
580,Walking DownStairs,20-25,,,,,,,,,
581,Walking DownStairs,20-25,,,,,,,,,
582,Walking DownStairs,25-30,,,,,,,,,
583,Walking DownStairs,25-30,,,,,,,,,
584,Walking DownStairs,25-30,,,,,,,,,
585,Walking DownStairs,25-30,,,,,,,,,
586,Walking DownStairs,25-30,,,,,,,,,
587,Walking DownStairs,20-25,,,,,,,,,
588,Walking DownStairs,20-25,,,,,,,,,
589,Walking DownStairs,25-30,,,,,,,,,
590,Walking DownStairs,25-30,,,,,,,,,
591,Walking DownStairs,25-30,,,,,,,,,
592,Walking DownStairs,25-30,,,,,,,,,
593,Walking DownStairs,25-30,,,,,,,,,
594,Walking DownStairs,20-25,,,,,,,,,
595,Walking DownStairs,20-25,,,,,,,,,
596,Walking Upstairs,20-25,,,,,,,,,
597,Walking Upstairs,20-25,,,,,,,,,
598,Walking Upstairs,20-25,,,,,,,,,
599,Walking Upstairs,25-30,,,,,,,,,
600,Walking Upstairs,25-30,,,,,,,,,
601,Walking Upstairs,20-25,,,,,,,,,
602,Walking Upstairs,25-30,,,,,,,,,
603,Walking Upstairs,25-30,,,,,,,,,
604,Walking Upstairs,20-25,,,,,,,,,
605,Walking Upstairs,20-25,,,,,,,,,
606,Walking Upstairs,20-25,,,,,,,,,
607,Walking Upstairs,20-25,,,,,,,,,
608,Walking Upstairs,20-25,,,,,,,,,
609,Walking Upstairs,20-25,,,,,,,,,
610,Walking Upstairs,20-25,,,,,,,,,
611,Walking Upstairs,30-35,,,,,,,,,
612,Walking Upstairs,20-25,,,,,,,,,
613,Walking Upstairs,20-25,,,,,,,,,
614,Walking Upstairs,20-25,,,,,,,,,
615,Walking Upstairs,20-25,,,,,,,,,
616,Walking Upstairs,20-25,,,,,,,,,
617,Walking Upstairs,25-30,,,,,,,,,
618,Walking Upstairs,25-30,,,,,,,,,
619,Walking Upstairs,25-30,,,,,,,,,
620,Standing,20-25,,,,,,,,,
621,Standing,20-25,,,,,,,,,
622,Standing,30-35,,,,,,,,,
623,Standing,30-35,,,,,,,,,
624,Standing,25-30,,,,,,,,,
625,Standing,25-30,,,,,,,,,
626,Standing,25-30,,,,,,,,,
627,Standing,30-35,,,,,,,,,
628,Standing,30-35,,,,,,,,,
629,Standing,20-25,,,,,,,,,
630,Standing,25-30,,,,,,,,,
631,Standing,25-30,,,,,,,,,
632,Standing,25-30,,,,,,,,,
633,Standing,25-30,,,,,,,,,
634,Standing,25-30,,,,,,,,,
635,Standing,<20,,,,,,,,,
636,Standing,20-25,,,,,,,,,
637,Standing,20-25,,,,,,,,,
638,Standing,20-25,,,,,,,,,
639,Standing,>35,,,,,,,,,
640,Standing,25-30,,,,,,,,,
641,Standing,>35,,,,,,,,,
642,Sitting,25-30,,,,,,,,,
643,Sitting,25-30,,,,,,,,,
644,Sitting,20-25,,,,,,,,,
645,Sitting,30-35,,,,,,,,,
646,Sitting,30-35,,,,,,,,,
647,Sitting,30-35,,,,,,,,,
648,Sitting,30-35,,,,,,,,,
649,Sitting,30-35,,,,,,,,,
650,Sitting,30-35,,,,,,,,,
651,Sitting,30-35,,,,,,,,,
652,Sitting,30-35,,,,,,,,,
653,Sitting,20-25,,,,,,,,,
654,Sitting,20-25,,,,,,,,,
655,Sitting,30-35,,,,,,,,,
656,Sitting,25-30,,,,,,,,,
657,Sitting,25-30,,,,,,,,,
658,Sitting,25-30,,,,,,,,,
659,Sitting,25-30,,,,,,,,,
660,Sitting,25-30,,,,,,,,,
661,Sitting,30-35,,,,,,,,,
662,Sitting,30-35,,,,,,,,,
663,Sitting,20-25,,,,,,,,,
664,Sitting,30-35,,,,,,,,,
665,Sitting,25-30,,,,,,,,,
666,Sitting,30-35,,,,,,,,,
667,Laying,25-30,,,,,,,,,
668,Laying,25-30,,,,,,,,,
669,Laying,25-30,,,,,,,,,
670,Laying,20-25,,,,,,,,,
671,Laying,25-30,,,,,,,,,
672,Laying,25-30,,,,,,,,,
673,Laying,20-25,,,,,,,,,
674,Laying,20-25,,,,,,,,,
675,Laying,30-35,,,,,,,,,
676,Laying,30-35,,,,,,,,,
677,Laying,20-25,,,,,,,,,
678,Laying,20-25,,,,,,,,,
679,Laying,25-30,,,,,,,,,
680,Laying,25-30,,,,,,,,,
681,Laying,25-30,,,,,,,,,
682,Laying,25-30,,,,,,,,,
683,Laying,25-30,,,,,,,,,
684,Laying,25-30,,,,,,,,,
685,Laying,20-25,,,,,,,,,
686,Laying,20-25,,,,,,,,,
687,Laying,30-35,,,,,,,,,
688,Laying,30-35,,,,,,,,,
689,Laying,20-25,,,,,,,,,
690,Laying,25-30,,,,,,,,,
691,Walking,20-25,,,,,,,,,
692,Walking,25-30,,,,,,,,,
693,Walking,25-30,,,,,,,,,
694,Walking,25-30,,,,,,,,,
695,Walking,30-35,,,,,,,,,
696,Walking,20-25,,,,,,,,,
697,Walking,20-25,,,,,,,,,
698,Walking,20-25,,,,,,,,,
699,Walking,20-25,,,,,,,,,
700,Walking,>35,,,,,,,,,
701,Walking,25-30,,,,,,,,,
702,Walking,>35,,,,,,,,,
703,Walking,20-25,,,,,,,,,
704,Walking,>35,,,,,,,,,
705,Walking,>35,,,,,,,,,
706,Walking,25-30,,,,,,,,,
707,Walking,25-30,,,,,,,,,
708,Walking,20-25,,,,,,,,,
709,Walking,20-25,,,,,,,,,
710,Walking,>35,,,,,,,,,
711,Walking,25-30,,,,,,,,,
712,Walking,20-25,,,,,,,,,
713,Walking,25-30,,,,,,,,,
714,Walking,25-30,,,,,,,,,
715,Walking,20-25,,,,,,,,,
716,Walking,20-25,,,,,,,,,
717,Walking DownStairs,25-30,,,,,,,,,
718,Walking DownStairs,25-30,,,,,,,,,
719,Walking DownStairs,20-25,,,,,,,,,
720,Walking DownStairs,20-25,,,,,,,,,
721,Walking DownStairs,20-25,,,,,,,,,
722,Walking DownStairs,20-25,,,,,,,,,
723,Walking DownStairs,<20,,,,,,,,,
724,Walking Upstairs,>35,,,,,,,,,
725,Walking Upstairs,>35,,,,,,,,,
726,Walking Upstairs,25-30,,,,,,,,,
727,Walking Upstairs,25-30,,,,,,,,,
728,Walking Upstairs,20-25,,,,,,,,,
729,Walking Upstairs,20-25,,,,,,,,,
730,Walking Upstairs,25-30,,,,,,,,,
731,Walking Upstairs,25-30,,,,,,,,,
732,Walking Upstairs,25-30,,,,,,,,,
733,Walking Upstairs,25-30,,,,,,,,,
734,Walking DownStairs,>35,,,,,,,,,
735,Walking DownStairs,20-25,,,,,,,,,
736,Walking DownStairs,30-35,,,,,,,,,
737,Walking DownStairs,>35,,,,,,,,,
738,Walking DownStairs,25-30,,,,,,,,,
739,Walking DownStairs,20-25,,,,,,,,,
740,Walking Upstairs,>35,,,,,,,,,
741,Walking Upstairs,30-35,,,,,,,,,
742,Walking Upstairs,20-25,,,,,,,,,
743,Walking Upstairs,20-25,,,,,,,,,
744,Walking Upstairs,20-25,,,,,,,,,
745,Walking Upstairs,20-25,,,,,,,,,
746,Walking Upstairs,20-25,,,,,,,,,
747,Walking Upstairs,>35,,,,,,,,,
748,Walking DownStairs,>35,,,,,,,,,
749,Walking DownStairs,>35,,,,,,,,,
750,Walking DownStairs,25-30,,,,,,,,,
751,Walking DownStairs,25-30,,,,,,,,,
752,Walking DownStairs,20-25,,,,,,,,,
753,Walking DownStairs,20-25,,,,,,,,,
754,Walking DownStairs,20-25,,,,,,,,,
755,Walking DownStairs,20-25,,,,,,,,,
756,Walking Upstairs,>35,,,,,,,,,
757,Walking Upstairs,25-30,,,,,,,,,
758,Walking Upstairs,25-30,,,,,,,,,
759,Walking Upstairs,20-25,,,,,,,,,
760,Walking Upstairs,20-25,,,,,,,,,
761,Walking Upstairs,20-25,,,,,,,,,
762,Walking Upstairs,30-35,,,,,,,,,
763,Walking Upstairs,30-35,,,,,,,,,
764,Standing,20-25,,,,,,,,,
765,Standing,25-30,,,,,,,,,
766,Standing,25-30,,,,,,,,,
767,Standing,25-30,,,,,,,,,
768,Standing,25-30,,,,,,,,,
769,Standing,25-30,,,,,,,,,
770,Standing,30-35,,,,,,,,,
771,Standing,30-35,,,,,,,,,
772,Standing,30-35,,,,,,,,,
773,Standing,30-35,,,,,,,,,
774,Standing,<20,,,,,,,,,
775,Standing,30-35,,,,,,,,,
776,Standing,30-35,,,,,,,,,
777,Standing,20-25,,,,,,,,,
778,Standing,25-30,,,,,,,,,
779,Standing,25-30,,,,,,,,,
780,Standing,25-30,,,,,,,,,
781,Standing,30-35,,,,,,,,,
782,Standing,30-35,,,,,,,,,
783,Standing,20-25,,,,,,,,,
784,Standing,25-30,,,,,,,,,
785,Standing,<20,,,,,,,,,
786,Standing,30-35,,,,,,,,,
787,Sitting,25-30,,,,,,,,,
788,Sitting,25-30,,,,,,,,,
789,Sitting,25-30,,,,,,,,,
790,Sitting,30-35,,,,,,,,,
791,Sitting,<20,,,,,,,,,
792,Sitting,>35,,,,,,,,,
793,Sitting,30-35,,,,,,,,,
794,Sitting,25-30,,,,,,,,,
795,Sitting,25-30,,,,,,,,,
796,Sitting,25-30,,,,,,,,,
797,Sitting,25-30,,,,,,,,,
798,Sitting,20-25,,,,,,,,,
799,Sitting,30-35,,,,,,,,,
800,Sitting,30-35,,,,,,,,,
801,Sitting,30-35,,,,,,,,,
802,Sitting,25-30,,,,,,,,,
803,Sitting,25-30,,,,,,,,,
804,Sitting,25-30,,,,,,,,,
805,Sitting,25-30,,,,,,,,,
806,Sitting,<20,,,,,,,,,
807,Sitting,30-35,,,,,,,,,
808,Sitting,30-35,,,,,,,,,
809,Sitting,>35,,,,,,,,,
810,Sitting,30-35,,,,,,,,,
811,Sitting,30-35,,,,,,,,,
812,Laying,25-30,,,,,,,,,
813,Laying,25-30,,,,,,,,,
814,Laying,25-30,,,,,,,,,
815,Laying,30-35,,,,,,,,,
816,Laying,30-35,,,,,,,,,
817,Laying,20-25,,,,,,,,,
818,Laying,20-25,,,,,,,,,
819,Laying,20-25,,,,,,,,,
820,Laying,25-30,,,,,,,,,
821,Laying,25-30,,,,,,,,,
822,Laying,25-30,,,,,,,,,
823,Laying,25-30,,,,,,,,,
824,Laying,25-30,,,,,,,,,
825,Laying,25-30,,,,,,,,,
826,Laying,30-35,,,,,,,,,
827,Laying,30-35,,,,,,,,,
828,Laying,30-35,,,,,,,,,
829,Laying,25-30,,,,,,,,,
830,Laying,25-30,,,,,,,,,
831,Laying,<20,,,,,,,,,
832,Laying,30-35,,,,,,,,,
833,Laying,30-35,,,,,,,,,
834,Laying,30-35,,,,,,,,,
835,Laying,25-30,,,,,,,,,
836,Laying,20-25,,,,,,,,,
837,Laying,30-35,,,,,,,,,
838,Walking,30-35,,,,,,,,,
839,Walking,25-30,,,,,,,,,
840,Walking,25-30,,,,,,,,,
841,Walking,20-25,,,,,,,,,
842,Walking,20-25,,,,,,,,,
843,Walking,20-25,,,,,,,,,
844,Walking,25-30,,,,,,,,,
845,Walking,25-30,,,,,,,,,
846,Walking,20-25,,,,,,,,,
847,Walking,25-30,,,,,,,,,
848,Walking,25-30,,,,,,,,,
849,Walking,25-30,,,,,,,,,
850,Walking,20-25,,,,,,,,,
851,Walking,30-35,,,,,,,,,
852,Walking,>35,,,,,,,,,
853,Walking,>35,,,,,,,,,
854,Walking,25-30,,,,,,,,,
855,Walking,25-30,,,,,,,,,
856,Walking,25-30,,,,,,,,,
857,Walking,20-25,,,,,,,,,
858,Walking,20-25,,,,,,,,,
859,Walking,25-30,,,,,,,,,
860,Walking,25-30,,,,,,,,,
861,Walking,20-25,,,,,,,,,
862,Walking,25-30,,,,,,,,,
863,Walking,25-30,,,,,,,,,
864,Walking DownStairs,30-35,,,,,,,,,
865,Walking DownStairs,30-35,,,,,,,,,
866,Walking DownStairs,30-35,,,,,,,,,
867,Walking DownStairs,>35,,,,,,,,,
868,Walking DownStairs,>35,,,,,,,,,
869,Walking DownStairs,20-25,,,,,,,,,
870,Walking DownStairs,20-25,,,,,,,,,
871,Walking DownStairs,20-25,,,,,,,,,
872,Walking DownStairs,20-25,,,,,,,,,
873,Walking DownStairs,30-35,,,,,,,,,
874,Walking DownStairs,>35,,,,,,,,,
875,Walking DownStairs,>35,,,,,,,,,
876,Walking DownStairs,20-25,,,,,,,,,
877,Walking DownStairs,20-25,,,,,,,,,
878,Walking Upstairs,30-35,,,,,,,,,
879,Walking Upstairs,>35,,,,,,,,,
880,Walking Upstairs,25-30,,,,,,,,,
881,Walking Upstairs,20-25,,,,,,,,,
882,Walking Upstairs,20-25,,,,,,,,,
883,Walking Upstairs,25-30,,,,,,,,,
884,Walking Upstairs,25-30,,,,,,,,,
885,Walking Upstairs,25-30,,,,,,,,,
886,Walking Upstairs,>35,,,,,,,,,
887,Walking Upstairs,>35,,,,,,,,,
888,Walking Upstairs,25-30,,,,,,,,,
889,Walking Upstairs,25-30,,,,,,,,,
890,Walking Upstairs,25-30,,,,,,,,,
891,Walking Upstairs,25-30,,,,,,,,,
892,Walking Upstairs,25-30,,,,,,,,,
893,Walking Upstairs,25-30,,,,,,,,,
894,Walking Upstairs,>35,,,,,,,,,
895,Walking Upstairs,25-30,,,,,,,,,
896,Walking Upstairs,20-25,,,,,,,,,
897,Walking Upstairs,25-30,,,,,,,,,
898,Walking Upstairs,25-30,,,,,,,,,
899,Walking Upstairs,25-30,,,,,,,,,
900,Walking Upstairs,25-30,,,,,,,,,
901,Walking DownStairs,20-25,,,,,,,,,
902,Walking DownStairs,>35,,,,,,,,,
903,Walking DownStairs,>35,,,,,,,,,
904,Walking DownStairs,30-35,,,,,,,,,
905,Walking DownStairs,30-35,,,,,,,,,
906,Walking DownStairs,20-25,,,,,,,,,
907,Walking DownStairs,20-25,,,,,,,,,
908,Standing,30-35,,,,,,,,,
909,Standing,25-30,,,,,,,,,
910,Standing,25-30,,,,,,,,,
911,Standing,25-30,,,,,,,,,
912,Standing,30-35,,,,,,,,,
913,Standing,25-30,,,,,,,,,
914,Standing,25-30,,,,,,,,,
915,Standing,30-35,,,,,,,,,
916,Standing,30-35,,,,,,,,,
917,Standing,30-35,,,,,,,,,
918,Standing,<20,,,,,,,,,
919,Standing,25-30,,,,,,,,,
920,Standing,25-30,,,,,,,,,
921,Standing,>35,,,,,,,,,
922,Standing,30-35,,,,,,,,,
923,Standing,30-35,,,,,,,,,
924,Standing,30-35,,,,,,,,,
925,Standing,30-35,,,,,,,,,
926,Standing,30-35,,,,,,,,,
927,Standing,30-35,,,,,,,,,
928,Standing,30-35,,,,,,,,,
929,Standing,30-35,,,,,,,,,
930,Standing,30-35,,,,,,,,,
931,Sitting,20-25,,,,,,,,,
932,Sitting,20-25,,,,,,,,,
933,Sitting,20-25,,,,,,,,,
934,Sitting,20-25,,,,,,,,,
935,Sitting,<20,,,,,,,,,
936,Sitting,25-30,,,,,,,,,
937,Sitting,25-30,,,,,,,,,
938,Sitting,25-30,,,,,,,,,
939,Sitting,30-35,,,,,,,,,
940,Sitting,30-35,,,,,,,,,
941,Sitting,30-35,,,,,,,,,
942,Sitting,30-35,,,,,,,,,
943,Sitting,25-30,,,,,,,,,
944,Sitting,25-30,,,,,,,,,
945,Sitting,25-30,,,,,,,,,
946,Sitting,30-35,,,,,,,,,
947,Sitting,20-25,,,,,,,,,
948,Sitting,20-25,,,,,,,,,
949,Sitting,20-25,,,,,,,,,
950,Sitting,20-25,,,,,,,,,
951,Sitting,<20,,,,,,,,,
952,Sitting,30-35,,,,,,,,,
953,Sitting,30-35,,,,,,,,,
954,Sitting,30-35,,,,,,,,,
955,Laying,20-25,,,,,,,,,
956,Laying,20-25,,,,,,,,,
957,Laying,30-35,,,,,,,,,
958,Laying,25-30,,,,,,,,,
959,Laying,25-30,,,,,,,,,
960,Laying,25-30,,,,,,,,,
961,Laying,25-30,,,,,,,,,
962,Laying,25-30,,,,,,,,,
963,Laying,30-35,,,,,,,,,
964,Laying,>35,,,,,,,,,
965,Laying,30-35,,,,,,,,,
966,Laying,>35,,,,,,,,,
967,Laying,20-25,,,,,,,,,
968,Laying,30-35,,,,,,,,,
969,Laying,30-35,,,,,,,,,
970,Laying,30-35,,,,,,,,,
971,Laying,30-35,,,,,,,,,
972,Laying,30-35,,,,,,,,,
973,Laying,30-35,,,,,,,,,
974,Laying,25-30,,,,,,,,,
975,Laying,25-30,,,,,,,,,
976,Laying,25-30,,,,,,,,,
977,Laying,20-25,,,,,,,,,
978,Laying,25-30,,,,,,,,,
979,Laying,30-35,,,,,,,,,
980,Laying,30-35,,,,,,,,,
981,Laying,>35,,,,,,,,,
982,Laying,>35,,,,,,,,,
983,Laying,20-25,,,,,,,,,
984,Laying,20-25,,,,,,,,,
985,Laying,25-30,,,,,,,,,
986,Walking,25-30,,,,,,,,,
987,Walking,25-30,,,,,,,,,
988,Walking,20-25,,,,,,,,,
989,Walking,20-25,,,,,,,,,
990,Walking,20-25,,,,,,,,,
991,Walking,20-25,,,,,,,,,
992,Walking,>35,,,,,,,,,
993,Walking,>35,,,,,,,,,
994,Walking,20-25,,,,,,,,,
995,Walking,20-25,,,,,,,,,
996,Walking,20-25,,,,,,,,,
997,Walking,20-25,,,,,,,,,
998,Walking,20-25,,,,,,,,,
999,Walking,25-30,,,,,,,,,
1000,Walking,20-25,,,,,,,,,
1001,Walking,20-25,,,,,,,,,
1002,Walking,20-25,,,,,,,,,
1003,Walking,20-25,,,,,,,,,
1004,Walking,20-25,,,,,,,,,
1005,Walking,20-25,,,,,,,,,
1006,Walking,25-30,,,,,,,,,
1007,Walking,20-25,,,,,,,,,
1008,Walking,20-25,,,,,,,,,
1009,Walking,20-25,,,,,,,,,
1010,Walking,20-25,,,,,,,,,
1011,Walking,20-25,,,,,,,,,
1012,Walking,25-30,,,,,,,,,
1013,Walking DownStairs,>35,,,,,,,,,
1014,Walking DownStairs,>35,,,,,,,,,
1015,Walking DownStairs,>35,,,,,,,,,
1016,Walking DownStairs,25-30,,,,,,,,,
1017,Walking DownStairs,20-25,,,,,,,,,
1018,Walking DownStairs,20-25,,,,,,,,,
1019,Walking DownStairs,25-30,,,,,,,,,
1020,Walking DownStairs,>35,,,,,,,,,
1021,Walking DownStairs,>35,,,,,,,,,
1022,Walking DownStairs,20-25,,,,,,,,,
1023,Walking DownStairs,25-30,,,,,,,,,
1024,Walking DownStairs,20-25,,,,,,,,,
1025,Walking DownStairs,20-25,,,,,,,,,
1026,Walking DownStairs,25-30,,,,,,,,,
1027,Walking DownStairs,25-30,,,,,,,,,
1028,Walking DownStairs,30-35,,,,,,,,,
1029,Walking DownStairs,20-25,,,,,,,,,
1030,Walking DownStairs,20-25,,,,,,,,,
1031,Walking DownStairs,20-25,,,,,,,,,
1032,Walking Upstairs,20-25,,,,,,,,,
1033,Walking Upstairs,25-30,,,,,,,,,
1034,Walking Upstairs,25-30,,,,,,,,,
1035,Walking Upstairs,25-30,,,,,,,,,
1036,Walking Upstairs,25-30,,,,,,,,,
1037,Walking Upstairs,25-30,,,,,,,,,
1038,Walking Upstairs,25-30,,,,,,,,,
1039,Walking Upstairs,20-25,,,,,,,,,
1040,Walking Upstairs,25-30,,,,,,,,,
1041,Walking Upstairs,20-25,,,,,,,,,
1042,Walking Upstairs,20-25,,,,,,,,,
1043,Walking Upstairs,25-30,,,,,,,,,
1044,Walking Upstairs,25-30,,,,,,,,,
1045,Walking Upstairs,25-30,,,,,,,,,
1046,Walking Upstairs,>35,,,,,,,,,
1047,Walking Upstairs,20-25,,,,,,,,,
1048,Walking Upstairs,25-30,,,,,,,,,
1049,Walking Upstairs,25-30,,,,,,,,,
1050,Walking Upstairs,25-30,,,,,,,,,
1051,Walking Upstairs,20-25,,,,,,,,,
1052,Walking Upstairs,25-30,,,,,,,,,
1053,Walking Upstairs,>35,,,,,,,,,
1054,Walking Upstairs,>35,,,,,,,,,
1055,Standing,25-30,,,,,,,,,
1056,Standing,25-30,,,,,,,,,
1057,Standing,25-30,,,,,,,,,
1058,Standing,30-35,,,,,,,,,
1059,Standing,30-35,,,,,,,,,
1060,Standing,20-25,,,,,,,,,
1061,Standing,25-30,,,,,,,,,
1062,Standing,>35,,,,,,,,,
1063,Standing,20-25,,,,,,,,,
1064,Standing,20-25,,,,,,,,,
1065,Standing,30-35,,,,,,,,,
1066,Standing,20-25,,,,,,,,,
1067,Standing,20-25,,,,,,,,,
1068,Standing,>35,,,,,,,,,
1069,Standing,25-30,,,,,,,,,
1070,Standing,25-30,,,,,,,,,
1071,Standing,25-30,,,,,,,,,
1072,Standing,30-35,,,,,,,,,
1073,Standing,30-35,,,,,,,,,
1074,Standing,<20,,,,,,,,,
1075,Standing,20-25,,,,,,,,,
1076,Sitting,25-30,,,,,,,,,
1077,Sitting,25-30,,,,,,,,,
1078,Sitting,25-30,,,,,,,,,
1079,Sitting,25-30,,,,,,,,,
1080,Sitting,30-35,,,,,,,,,
1081,Sitting,30-35,,,,,,,,,
1082,Sitting,30-35,,,,,,,,,
1083,Sitting,30-35,,,,,,,,,
1084,Sitting,30-35,,,,,,,,,
1085,Sitting,30-35,,,,,,,,,
1086,Sitting,30-35,,,,,,,,,
1087,Sitting,30-35,,,,,,,,,
1088,Sitting,30-35,,,,,,,,,
1089,Sitting,30-35,,,,,,,,,
1090,Sitting,30-35,,,,,,,,,
1091,Sitting,30-35,,,,,,,,,
1092,Sitting,30-35,,,,,,,,,
1093,Sitting,30-35,,,,,,,,,
1094,Sitting,30-35,,,,,,,,,
1095,Sitting,30-35,,,,,,,,,
1096,Sitting,30-35,,,,,,,,,
1097,Sitting,25-30,,,,,,,,,
1098,Sitting,25-30,,,,,,,,,
1099,Sitting,25-30,,,,,,,,,
1100,Sitting,25-30,,,,,,,,,
1101,Sitting,<20,,,,,,,,,
1102,Sitting,30-35,,,,,,,,,
1103,Sitting,30-35,,,,,,,,,
1104,Sitting,30-35,,,,,,,,,
1105,Sitting,<20,,,,,,,,,
1106,Laying,25-30,,,,,,,,,
1107,Laying,25-30,,,,,,,,,
1108,Laying,25-30,,,,,,,,,
1109,Laying,30-35,,,,,,,,,
1110,Laying,30-35,,,,,,,,,
1111,Laying,30-35,,,,,,,,,
1112,Laying,30-35,,,,,,,,,
1113,Laying,30-35,,,,,,,,,
1114,Laying,30-35,,,,,,,,,
1115,Laying,<20,,,,,,,,,
1116,Laying,25-30,,,,,,,,,
1117,Laying,25-30,,,,,,,,,
1118,Laying,25-30,,,,,,,,,
1119,Laying,30-35,,,,,,,,,
1120,Laying,30-35,,,,,,,,,
1121,Laying,30-35,,,,,,,,,
1122,Laying,30-35,,,,,,,,,
1123,Laying,30-35,,,,,,,,,
1124,Laying,<20,,,,,,,,,
1125,Laying,30-35,,,,,,,,,
1126,Laying,30-35,,,,,,,,,
1127,Laying,30-35,,,,,,,,,
1128,Laying,20-25,,,,,,,,,
1129,Laying,20-25,,,,,,,,,
1130,Laying,25-30,,,,,,,,,
1131,Laying,25-30,,,,,,,,,
1132,Laying,30-35,,,,,,,,,
1133,Walking,20-25,,,,,,,,,
1134,Walking,25-30,,,,,,,,,
1135,Walking,25-30,,,,,,,,,
1136,Walking,25-30,,,,,,,,,
1137,Walking,25-30,,,,,,,,,
1138,Walking,25-30,,,,,,,,,
1139,Walking,25-30,,,,,,,,,
1140,Walking,25-30,,,,,,,,,
1141,Walking,25-30,,,,,,,,,
1142,Walking,25-30,,,,,,,,,
1143,Walking,25-30,,,,,,,,,
1144,Walking,25-30,,,,,,,,,
1145,Walking,25-30,,,,,,,,,
1146,Walking,20-25,,,,,,,,,
1147,Walking,25-30,,,,,,,,,
1148,Walking,25-30,,,,,,,,,
1149,Walking,25-30,,,,,,,,,
1150,Walking,25-30,,,,,,,,,
1151,Walking,25-30,,,,,,,,,
1152,Walking,25-30,,,,,,,,,
1153,Walking,25-30,,,,,,,,,
1154,Walking,25-30,,,,,,,,,
1155,Walking,25-30,,,,,,,,,
1156,Walking,25-30,,,,,,,,,
1157,Walking,25-30,,,,,,,,,
1158,Walking,25-30,,,,,,,,,
1159,Walking DownStairs,25-30,,,,,,,,,
1160,Walking DownStairs,25-30,,,,,,,,,
1161,Walking DownStairs,25-30,,,,,,,,,
1162,Walking DownStairs,>35,,,,,,,,,
1163,Walking DownStairs,>35,,,,,,,,,
1164,Walking DownStairs,20-25,,,,,,,,,
1165,Walking DownStairs,25-30,,,,,,,,,
1166,Walking DownStairs,25-30,,,,,,,,,
1167,Walking DownStairs,25-30,,,,,,,,,
1168,Walking DownStairs,25-30,,,,,,,,,
1169,Walking DownStairs,20-25,,,,,,,,,
1170,Walking DownStairs,20-25,,,,,,,,,
1171,Walking DownStairs,25-30,,,,,,,,,
1172,Walking DownStairs,25-30,,,,,,,,,
1173,Walking DownStairs,25-30,,,,,,,,,
1174,Walking DownStairs,30-35,,,,,,,,,
1175,Walking DownStairs,20-25,,,,,,,,,
1176,Walking DownStairs,20-25,,,,,,,,,
1177,Walking DownStairs,20-25,,,,,,,,,
1178,Walking Upstairs,20-25,,,,,,,,,
1179,Walking Upstairs,25-30,,,,,,,,,
1180,Walking Upstairs,20-25,,,,,,,,,
1181,Walking Upstairs,20-25,,,,,,,,,
1182,Walking Upstairs,20-25,,,,,,,,,
1183,Walking Upstairs,20-25,,,,,,,,,
1184,Walking Upstairs,25-30,,,,,,,,,
1185,Walking Upstairs,25-30,,,,,,,,,
1186,Walking Upstairs,20-25,,,,,,,,,
1187,Walking Upstairs,20-25,,,,,,,,,
1188,Walking Upstairs,20-25,,,,,,,,,
1189,Walking Upstairs,20-25,,,,,,,,,
1190,Walking Upstairs,25-30,,,,,,,,,
1191,Walking Upstairs,25-30,,,,,,,,,
1192,Walking Upstairs,25-30,,,,,,,,,
1193,Walking Upstairs,25-30,,,,,,,,,
1194,Walking Upstairs,20-25,,,,,,,,,
1195,Walking Upstairs,20-25,,,,,,,,,
1196,Walking Upstairs,20-25,,,,,,,,,
1197,Walking Upstairs,20-25,,,,,,,,,
1198,Walking Upstairs,25-30,,,,,,,,,
1199,Walking Upstairs,25-30,,,,,,,,,
1200,Walking Upstairs,25-30,,,,,,,,,
1201,Walking Upstairs,25-30,,,,,,,,,
1202,Standing,25-30,,,,,,,,,
1203,Standing,25-30,,,,,,,,,
1204,Standing,25-30,,,,,,,,,
1205,Standing,25-30,,,,,,,,,
1206,Standing,30-35,,,,,,,,,
1207,Standing,25-30,,,,,,,,,
1208,Standing,30-35,,,,,,,,,
1209,Standing,20-25,,,,,,,,,
1210,Standing,20-25,,,,,,,,,
1211,Standing,30-35,,,,,,,,,
1212,Standing,30-35,,,,,,,,,
1213,Standing,25-30,,,,,,,,,
1214,Standing,30-35,,,,,,,,,
1215,Standing,20-25,,,,,,,,,
1216,Standing,20-25,,,,,,,,,
1217,Standing,30-35,,,,,,,,,
1218,Standing,30-35,,,,,,,,,
1219,Standing,30-35,,,,,,,,,
1220,Standing,<20,,,,,,,,,
1221,Standing,<20,,,,,,,,,
1222,Standing,30-35,,,,,,,,,
1223,Standing,25-30,,,,,,,,,
1224,Standing,20-25,,,,,,,,,
1225,Standing,20-25,,,,,,,,,
1226,Standing,>35,,,,,,,,,
1227,Standing,30-35,,,,,,,,,
1228,Standing,30-35,,,,,,,,,
1229,Sitting,20-25,,,,,,,,,
1230,Sitting,20-25,,,,,,,,,
1231,Sitting,25-30,,,,,,,,,
1232,Sitting,30-35,,,,,,,,,
1233,Sitting,30-35,,,,,,,,,
1234,Sitting,25-30,,,,,,,,,
1235,Sitting,30-35,,,,,,,,,
1236,Sitting,<20,,,,,,,,,
1237,Sitting,<20,,,,,,,,,
1238,Sitting,30-35,,,,,,,,,
1239,Sitting,<20,,,,,,,,,
1240,Sitting,30-35,,,,,,,,,
1241,Sitting,25-30,,,,,,,,,
1242,Sitting,25-30,,,,,,,,,
1243,Sitting,25-30,,,,,,,,,
1244,Sitting,25-30,,,,,,,,,
1245,Sitting,20-25,,,,,,,,,
1246,Sitting,20-25,,,,,,,,,
1247,Sitting,25-30,,,,,,,,,
1248,Sitting,20-25,,,,,,,,,
1249,Sitting,<20,,,,,,,,,
1250,Sitting,25-30,,,,,,,,,
1251,Sitting,30-35,,,,,,,,,
1252,Sitting,30-35,,,,,,,,,
1253,Sitting,25-30,,,,,,,,,
1254,Sitting,25-30,,,,,,,,,
1255,Sitting,30-35,,,,,,,,,
1256,Sitting,20-25,,,,,,,,,
1257,Laying,20-25,,,,,,,,,
1258,Laying,20-25,,,,,,,,,
1259,Laying,20-25,,,,,,,,,
1260,Laying,20-25,,,,,,,,,
1261,Laying,20-25,,,,,,,,,
1262,Laying,25-30,,,,,,,,,
1263,Laying,25-30,,,,,,,,,
1264,Laying,25-30,,,,,,,,,
1265,Laying,25-30,,,,,,,,,
1266,Laying,25-30,,,,,,,,,
1267,Laying,30-35,,,,,,,,,
1268,Laying,30-35,,,,,,,,,
1269,Laying,30-35,,,,,,,,,
1270,Laying,25-30,,,,,,,,,
1271,Laying,20-25,,,,,,,,,
1272,Laying,20-25,,,,,,,,,
1273,Laying,20-25,,,,,,,,,
1274,Laying,25-30,,,,,,,,,
1275,Laying,25-30,,,,,,,,,
1276,Laying,25-30,,,,,,,,,
1277,Laying,20-25,,,,,,,,,
1278,Laying,30-35,,,,,,,,,
1279,Laying,25-30,,,,,,,,,
1280,Laying,20-25,,,,,,,,,
1281,Laying,20-25,,,,,,,,,
1282,Laying,25-30,,,,,,,,,
1283,Laying,30-35,,,,,,,,,
1284,Walking,>35,,,,,,,,,
1285,Walking,25-30,,,,,,,,,
1286,Walking,25-30,,,,,,,,,
1287,Walking,25-30,,,,,,,,,
1288,Walking,25-30,,,,,,,,,
1289,Walking,25-30,,,,,,,,,
1290,Walking,25-30,,,,,,,,,
1291,Walking,25-30,,,,,,,,,
1292,Walking,25-30,,,,,,,,,
1293,Walking,25-30,,,,,,,,,
1294,Walking,25-30,,,,,,,,,
1295,Walking,25-30,,,,,,,,,
1296,Walking,25-30,,,,,,,,,
1297,Walking,25-30,,,,,,,,,
1298,Walking,>35,,,,,,,,,
1299,Walking,30-35,,,,,,,,,
1300,Walking,30-35,,,,,,,,,
1301,Walking,25-30,,,,,,,,,
1302,Walking,25-30,,,,,,,,,
1303,Walking,25-30,,,,,,,,,
1304,Walking,25-30,,,,,,,,,
1305,Walking,25-30,,,,,,,,,
1306,Walking,25-30,,,,,,,,,
1307,Walking,25-30,,,,,,,,,
1308,Walking,>35,,,,,,,,,
1309,Walking,25-30,,,,,,,,,
1310,Walking,25-30,,,,,,,,,
1311,Walking DownStairs,30-35,,,,,,,,,
1312,Walking DownStairs,30-35,,,,,,,,,
1313,Walking DownStairs,>35,,,,,,,,,
1314,Walking DownStairs,25-30,,,,,,,,,
1315,Walking DownStairs,20-25,,,,,,,,,
1316,Walking DownStairs,20-25,,,,,,,,,
1317,Walking DownStairs,25-30,,,,,,,,,
1318,Walking DownStairs,25-30,,,,,,,,,
1319,Walking DownStairs,25-30,,,,,,,,,
1320,Walking DownStairs,30-35,,,,,,,,,
1321,Walking DownStairs,30-35,,,,,,,,,
1322,Walking DownStairs,>35,,,,,,,,,
1323,Walking DownStairs,>35,,,,,,,,,
1324,Walking DownStairs,20-25,,,,,,,,,
1325,Walking DownStairs,>35,,,,,,,,,
1326,Walking DownStairs,20-25,,,,,,,,,
1327,Walking DownStairs,25-30,,,,,,,,,
1328,Walking DownStairs,20-25,,,,,,,,,
1329,Walking DownStairs,>35,,,,,,,,,
1330,Walking DownStairs,>35,,,,,,,,,
1331,Walking DownStairs,25-30,,,,,,,,,
1332,Walking DownStairs,25-30,,,,,,,,,
1333,Walking DownStairs,20-25,,,,,,,,,
1334,Walking DownStairs,20-25,,,,,,,,,
1335,Walking DownStairs,20-25,,,,,,,,,
1336,Walking Upstairs,>35,,,,,,,,,
1337,Walking Upstairs,25-30,,,,,,,,,
1338,Walking Upstairs,25-30,,,,,,,,,
1339,Walking Upstairs,25-30,,,,,,,,,
1340,Walking Upstairs,20-25,,,,,,,,,
1341,Walking Upstairs,20-25,,,,,,,,,
1342,Walking Upstairs,30-35,,,,,,,,,
1343,Walking Upstairs,30-35,,,,,,,,,
1344,Walking Upstairs,20-25,,,,,,,,,
1345,Walking Upstairs,30-35,,,,,,,,,
1346,Walking Upstairs,25-30,,,,,,,,,
1347,Walking Upstairs,25-30,,,,,,,,,
1348,Walking Upstairs,20-25,,,,,,,,,
1349,Walking Upstairs,20-25,,,,,,,,,
1350,Walking Upstairs,20-25,,,,,,,,,
1351,Walking Upstairs,20-25,,,,,,,,,
1352,Walking Upstairs,30-35,,,,,,,,,
1353,Walking Upstairs,25-30,,,,,,,,,
1354,Walking Upstairs,30-35,,,,,,,,,
1355,Walking Upstairs,>35,,,,,,,,,
1356,Walking Upstairs,20-25,,,,,,,,,
1357,Walking Upstairs,20-25,,,,,,,,,
1358,Walking Upstairs,20-25,,,,,,,,,
1359,Walking Upstairs,20-25,,,,,,,,,
1360,Walking Upstairs,>35,,,,,,,,,
1361,Walking Upstairs,30-35,,,,,,,,,
1362,Walking Upstairs,30-35,,,,,,,,,
1363,Standing,25-30,,,,,,,,,
1364,Standing,25-30,,,,,,,,,
1365,Standing,25-30,,,,,,,,,
1366,Standing,25-30,,,,,,,,,
1367,Standing,25-30,,,,,,,,,
1368,Standing,20-25,,,,,,,,,
1369,Standing,20-25,,,,,,,,,
1370,Standing,25-30,,,,,,,,,
1371,Standing,>35,,,,,,,,,
1372,Standing,30-35,,,,,,,,,
1373,Standing,30-35,,,,,,,,,
1374,Standing,25-30,,,,,,,,,
1375,Standing,25-30,,,,,,,,,
1376,Standing,25-30,,,,,,,,,
1377,Standing,25-30,,,,,,,,,
1378,Standing,20-25,,,,,,,,,
1379,Standing,20-25,,,,,,,,,
1380,Standing,20-25,,,,,,,,,
1381,Standing,20-25,,,,,,,,,
1382,Standing,25-30,,,,,,,,,
1383,Standing,25-30,,,,,,,,,
1384,Standing,30-35,,,,,,,,,
1385,Standing,<20,,,,,,,,,
1386,Standing,25-30,,,,,,,,,
1387,Standing,25-30,,,,,,,,,
1388,Standing,25-30,,,,,,,,,
1389,Standing,25-30,,,,,,,,,
1390,Standing,20-25,,,,,,,,,
1391,Standing,>35,,,,,,,,,
1392,Standing,>35,,,,,,,,,
1393,Standing,20-25,,,,,,,,,
1394,Standing,20-25,,,,,,,,,
1395,Standing,30-35,,,,,,,,,
1396,Standing,30-35,,,,,,,,,
1397,Sitting,30-35,,,,,,,,,
1398,Sitting,30-35,,,,,,,,,
1399,Sitting,25-30,,,,,,,,,
1400,Sitting,25-30,,,,,,,,,
1401,Sitting,<20,,,,,,,,,
1402,Sitting,<20,,,,,,,,,
1403,Sitting,30-35,,,,,,,,,
1404,Sitting,25-30,,,,,,,,,
1405,Sitting,25-30,,,,,,,,,
1406,Sitting,25-30,,,,,,,,,
1407,Sitting,25-30,,,,,,,,,
1408,Sitting,20-25,,,,,,,,,
1409,Sitting,20-25,,,,,,,,,
1410,Sitting,20-25,,,,,,,,,
1411,Sitting,20-25,,,,,,,,,
1412,Sitting,30-35,,,,,,,,,
1413,Sitting,30-35,,,,,,,,,
1414,Sitting,25-30,,,,,,,,,
1415,Sitting,<20,,,,,,,,,
1416,Sitting,30-35,,,,,,,,,
1417,Sitting,25-30,,,,,,,,,
1418,Sitting,25-30,,,,,,,,,
1419,Sitting,30-35,,,,,,,,,
1420,Laying,20-25,,,,,,,,,
1421,Laying,20-25,,,,,,,,,
1422,Laying,30-35,,,,,,,,,
1423,Laying,25-30,,,,,,,,,
1424,Laying,25-30,,,,,,,,,
1425,Laying,25-30,,,,,,,,,
1426,Laying,25-30,,,,,,,,,
1427,Laying,25-30,,,,,,,,,
1428,Laying,25-30,,,,,,,,,
1429,Laying,25-30,,,,,,,,,
1430,Laying,25-30,,,,,,,,,
1431,Laying,25-30,,,,,,,,,
1432,Laying,20-25,,,,,,,,,
1433,Laying,20-25,,,,,,,,,
1434,Laying,30-35,,,,,,,,,
1435,Laying,25-30,,,,,,,,,
1436,Laying,25-30,,,,,,,,,
1437,Laying,20-25,,,,,,,,,
1438,Laying,20-25,,,,,,,,,
1439,Laying,20-25,,,,,,,,,
1440,Laying,20-25,,,,,,,,,
1441,Laying,25-30,,,,,,,,,
1442,Laying,25-30,,,,,,,,,
1443,Laying,25-30,,,,,,,,,
1444,Laying,25-30,,,,,,,,,
1445,Laying,25-30,,,,,,,,,
1446,Laying,30-35,,,,,,,,,
1447,Laying,20-25,,,,,,,,,
1448,Laying,20-25,,,,,,,,,
1449,Laying,25-30,,,,,,,,,
1450,Laying,20-25,,,,,,,,,
1451,Laying,20-25,,,,,,,,,
1452,Laying,20-25,,,,,,,,,
1453,Walking,25-30,,,,,,,,,
1454,Walking,25-30,,,,,,,,,
1455,Walking,25-30,,,,,,,,,
1456,Walking,25-30,,,,,,,,,
1457,Walking,>35,,,,,,,,,
1458,Walking,25-30,,,,,,,,,
1459,Walking,25-30,,,,,,,,,
1460,Walking,25-30,,,,,,,,,
1461,Walking,25-30,,,,,,,,,
1462,Walking,25-30,,,,,,,,,
1463,Walking,25-30,,,,,,,,,
1464,Walking,25-30,,,,,,,,,
1465,Walking,>35,,,,,,,,,
1466,Walking,>35,,,,,,,,,
1467,Walking,30-35,,,,,,,,,
1468,Walking,20-25,,,,,,,,,
1469,Walking,25-30,,,,,,,,,
1470,Walking,20-25,,,,,,,,,
1471,Walking,25-30,,,,,,,,,
1472,Walking,25-30,,,,,,,,,
1473,Walking,>35,,,,,,,,,
1474,Walking,25-30,,,,,,,,,
1475,Walking,20-25,,,,,,,,,
1476,Walking DownStairs,25-30,,,,,,,,,
1477,Walking DownStairs,>35,,,,,,,,,
1478,Walking DownStairs,>35,,,,,,,,,
1479,Walking DownStairs,20-25,,,,,,,,,
1480,Walking DownStairs,25-30,,,,,,,,,
1481,Walking DownStairs,25-30,,,,,,,,,
1482,Walking DownStairs,20-25,,,,,,,,,
1483,Walking DownStairs,>35,,,,,,,,,
1484,Walking DownStairs,30-35,,,,,,,,,
1485,Walking DownStairs,>35,,,,,,,,,
1486,Walking DownStairs,>35,,,,,,,,,
1487,Walking DownStairs,>35,,,,,,,,,
1488,Walking DownStairs,20-25,,,,,,,,,
1489,Walking DownStairs,20-25,,,,,,,,,
1490,Walking DownStairs,30-35,,,,,,,,,
1491,Walking DownStairs,30-35,,,,,,,,,
1492,Walking DownStairs,>35,,,,,,,,,
1493,Walking DownStairs,>35,,,,,,,,,
1494,Walking DownStairs,20-25,,,,,,,,,
1495,Walking DownStairs,20-25,,,,,,,,,
1496,Walking DownStairs,20-25,,,,,,,,,
1497,Walking Upstairs,>35,,,,,,,,,
1498,Walking Upstairs,25-30,,,,,,,,,
1499,Walking Upstairs,20-25,,,,,,,,,
1500,Walking Upstairs,20-25,,,,,,,,,
1501,Walking Upstairs,20-25,,,,,,,,,
1502,Walking Upstairs,>35,,,,,,,,,
1503,Walking Upstairs,30-35,,,,,,,,,
1504,Walking Upstairs,30-35,,,,,,,,,
1505,Walking Upstairs,>35,,,,,,,,,
1506,Walking Upstairs,>35,,,,,,,,,
1507,Walking Upstairs,20-25,,,,,,,,,
1508,Walking Upstairs,20-25,,,,,,,,,
1509,Walking Upstairs,20-25,,,,,,,,,
1510,Walking Upstairs,25-30,,,,,,,,,
1511,Walking Upstairs,>35,,,,,,,,,
1512,Walking Upstairs,30-35,,,,,,,,,
1513,Walking Upstairs,>35,,,,,,,,,
1514,Walking Upstairs,30-35,,,,,,,,,
1515,Walking Upstairs,20-25,,,,,,,,,
1516,Walking Upstairs,20-25,,,,,,,,,
1517,Walking Upstairs,20-25,,,,,,,,,
1518,Walking Upstairs,20-25,,,,,,,,,
1519,Walking Upstairs,>35,,,,,,,,,
1520,Walking Upstairs,>35,,,,,,,,,
1521,Walking Upstairs,25-30,,,,,,,,,
1522,Standing,30-35,,,,,,,,,
1523,Standing,<20,,,,,,,,,
1524,Standing,25-30,,,,,,,,,
1525,Standing,25-30,,,,,,,,,
1526,Standing,25-30,,,,,,,,,
1527,Standing,25-30,,,,,,,,,
1528,Standing,20-25,,,,,,,,,
1529,Standing,25-30,,,,,,,,,
1530,Standing,30-35,,,,,,,,,
1531,Standing,30-35,,,,,,,,,
1532,Standing,<20,,,,,,,,,
1533,Standing,25-30,,,,,,,,,
1534,Standing,25-30,,,,,,,,,
1535,Standing,20-25,,,,,,,,,
1536,Standing,25-30,,,,,,,,,
1537,Standing,25-30,,,,,,,,,
1538,Standing,25-30,,,,,,,,,
1539,Standing,20-25,,,,,,,,,
1540,Standing,20-25,,,,,,,,,
1541,Standing,25-30,,,,,,,,,
1542,Standing,<20,,,,,,,,,
1543,Standing,30-35,,,,,,,,,
1544,Standing,30-35,,,,,,,,,
1545,Standing,30-35,,,,,,,,,
1546,Standing,<20,,,,,,,,,
1547,Standing,30-35,,,,,,,,,
1548,Standing,<20,,,,,,,,,
1549,Sitting,25-30,,,,,,,,,
1550,Sitting,25-30,,,,,,,,,
1551,Sitting,25-30,,,,,,,,,
1552,Sitting,25-30,,,,,,,,,
1553,Sitting,30-35,,,,,,,,,
1554,Sitting,30-35,,,,,,,,,
1555,Sitting,20-25,,,,,,,,,
1556,Sitting,30-35,,,,,,,,,
1557,Sitting,30-35,,,,,,,,,
1558,Sitting,30-35,,,,,,,,,
1559,Sitting,30-35,,,,,,,,,
1560,Sitting,30-35,,,,,,,,,
1561,Sitting,30-35,,,,,,,,,
1562,Sitting,25-30,,,,,,,,,
1563,Sitting,25-30,,,,,,,,,
1564,Sitting,30-35,,,,,,,,,
1565,Sitting,20-25,,,,,,,,,
1566,Sitting,20-25,,,,,,,,,
1567,Sitting,20-25,,,,,,,,,
1568,Sitting,20-25,,,,,,,,,
1569,Sitting,30-35,,,,,,,,,
1570,Sitting,30-35,,,,,,,,,
1571,Sitting,30-35,,,,,,,,,
1572,Sitting,30-35,,,,,,,,,
1573,Laying,20-25,,,,,,,,,
1574,Laying,20-25,,,,,,,,,
1575,Laying,20-25,,,,,,,,,
1576,Laying,25-30,,,,,,,,,
1577,Laying,25-30,,,,,,,,,
1578,Laying,25-30,,,,,,,,,
1579,Laying,25-30,,,,,,,,,
1580,Laying,30-35,,,,,,,,,
1581,Laying,30-35,,,,,,,,,
1582,Laying,30-35,,,,,,,,,
1583,Laying,30-35,,,,,,,,,
1584,Laying,30-35,,,,,,,,,
1585,Laying,30-35,,,,,,,,,
1586,Laying,25-30,,,,,,,,,
1587,Laying,20-25,,,,,,,,,
1588,Laying,25-30,,,,,,,,,
1589,Laying,25-30,,,,,,,,,
1590,Laying,25-30,,,,,,,,,
1591,Laying,25-30,,,,,,,,,
1592,Laying,20-25,,,,,,,,,
1593,Laying,20-25,,,,,,,,,
1594,Laying,30-35,,,,,,,,,
1595,Laying,30-35,,,,,,,,,
1596,Laying,30-35,,,,,,,,,
1597,Laying,30-35,,,,,,,,,
1598,Laying,30-35,,,,,,,,,
1599,Laying,30-35,,,,,,,,,
1600,Laying,30-35,,,,,,,,,
1601,Laying,30-35,,,,,,,,,
1602,Laying,30-35,,,,,,,,,
1603,Laying,20-25,,,,,,,,,
1604,Laying,30-35,,,,,,,,,
1605,Laying,30-35,,,,,,,,,
1606,Walking,25-30,,,,,,,,,
1607,Walking,25-30,,,,,,,,,
1608,Walking,25-30,,,,,,,,,
1609,Walking,>35,,,,,,,,,
1610,Walking,20-25,,,,,,,,,
1611,Walking,25-30,,,,,,,,,
1612,Walking,25-30,,,,,,,,,
1613,Walking,25-30,,,,,,,,,
1614,Walking,25-30,,,,,,,,,
1615,Walking,25-30,,,,,,,,,
1616,Walking,25-30,,,,,,,,,
1617,Walking,>35,,,,,,,,,
1618,Walking,20-25,,,,,,,,,
1619,Walking,25-30,,,,,,,,,
1620,Walking,20-25,,,,,,,,,
1621,Walking,25-30,,,,,,,,,
1622,Walking,>35,,,,,,,,,
1623,Walking,>35,,,,,,,,,
1624,Walking,25-30,,,,,,,,,
1625,Walking,25-30,,,,,,,,,
1626,Walking,<20,,,,,,,,,
1627,Walking,25-30,,,,,,,,,
1628,Walking,25-30,,,,,,,,,
1629,Walking,25-30,,,,,,,,,
1630,Walking,25-30,,,,,,,,,
1631,Walking,25-30,,,,,,,,,
1632,Walking,>35,,,,,,,,,
1633,Walking,>35,,,,,,,,,
1634,Walking,20-25,,,,,,,,,
1635,Walking,25-30,,,,,,,,,
1636,Walking DownStairs,20-25,,,,,,,,,
1637,Walking DownStairs,>35,,,,,,,,,
1638,Walking DownStairs,30-35,,,,,,,,,
1639,Walking DownStairs,>35,,,,,,,,,
1640,Walking DownStairs,20-25,,,,,,,,,
1641,Walking DownStairs,30-35,,,,,,,,,
1642,Walking DownStairs,>35,,,,,,,,,
1643,Walking DownStairs,25-30,,,,,,,,,
1644,Walking DownStairs,20-25,,,,,,,,,
1645,Walking DownStairs,30-35,,,,,,,,,
1646,Walking DownStairs,20-25,,,,,,,,,
1647,Walking DownStairs,30-35,,,,,,,,,
1648,Walking DownStairs,>35,,,,,,,,,
1649,Walking DownStairs,>35,,,,,,,,,
1650,Walking DownStairs,30-35,,,,,,,,,
1651,Walking DownStairs,20-25,,,,,,,,,
1652,Walking DownStairs,20-25,,,,,,,,,
1653,Walking DownStairs,20-25,,,,,,,,,
1654,Walking DownStairs,30-35,,,,,,,,,
1655,Walking DownStairs,30-35,,,,,,,,,
1656,Walking DownStairs,30-35,,,,,,,,,
1657,Walking DownStairs,25-30,,,,,,,,,
1658,Walking DownStairs,25-30,,,,,,,,,
1659,Walking DownStairs,20-25,,,,,,,,,
1660,Walking DownStairs,20-25,,,,,,,,,
1661,Walking DownStairs,25-30,,,,,,,,,
1662,Walking DownStairs,20-25,,,,,,,,,
1663,Walking Upstairs,30-35,,,,,,,,,
1664,Walking Upstairs,30-35,,,,,,,,,
1665,Walking Upstairs,30-35,,,,,,,,,
1666,Walking Upstairs,<20,,,,,,,,,
1667,Walking Upstairs,25-30,,,,,,,,,
1668,Walking Upstairs,>35,,,,,,,,,
1669,Walking Upstairs,>35,,,,,,,,,
1670,Walking Upstairs,20-25,,,,,,,,,
1671,Walking Upstairs,20-25,,,,,,,,,
1672,Walking Upstairs,30-35,,,,,,,,,
1673,Walking Upstairs,30-35,,,,,,,,,
1674,Walking Upstairs,30-35,,,,,,,,,
1675,Walking Upstairs,30-35,,,,,,,,,
1676,Walking Upstairs,25-30,,,,,,,,,
1677,Walking Upstairs,20-25,,,,,,,,,
1678,Walking Upstairs,20-25,,,,,,,,,
1679,Walking Upstairs,>35,,,,,,,,,
1680,Walking Upstairs,25-30,,,,,,,,,
1681,Walking Upstairs,30-35,,,,,,,,,
1682,Walking Upstairs,30-35,,,,,,,,,
1683,Walking Upstairs,30-35,,,,,,,,,
1684,Walking Upstairs,30-35,,,,,,,,,
1685,Walking Upstairs,30-35,,,,,,,,,
1686,Walking Upstairs,25-30,,,,,,,,,
1687,Walking Upstairs,25-30,,,,,,,,,
1688,Walking Upstairs,20-25,,,,,,,,,
1689,Walking Upstairs,25-30,,,,,,,,,
1690,Walking Upstairs,25-30,,,,,,,,,
1691,Walking Upstairs,30-35,,,,,,,,,
1692,Walking Upstairs,30-35,,,,,,,,,
1693,Walking Upstairs,30-35,,,,,,,,,
1694,Standing,25-30,,,,,,,,,
1695,Standing,20-25,,,,,,,,,
1696,Standing,25-30,,,,,,,,,
1697,Standing,25-30,,,,,,,,,
1698,Standing,>35,,,,,,,,,
1699,Standing,30-35,,,,,,,,,
1700,Standing,20-25,,,,,,,,,
1701,Standing,20-25,,,,,,,,,
1702,Standing,20-25,,,,,,,,,
1703,Standing,30-35,,,,,,,,,
1704,Standing,25-30,,,,,,,,,
1705,Standing,25-30,,,,,,,,,
1706,Standing,25-30,,,,,,,,,
1707,Standing,20-25,,,,,,,,,
1708,Standing,25-30,,,,,,,,,
1709,Standing,25-30,,,,,,,,,
1710,Standing,30-35,,,,,,,,,
1711,Standing,30-35,,,,,,,,,
1712,Standing,30-35,,,,,,,,,
1713,Standing,20-25,,,,,,,,,
1714,Standing,20-25,,,,,,,,,
1715,Standing,30-35,,,,,,,,,
1716,Standing,30-35,,,,,,,,,
1717,Standing,<20,,,,,,,,,
1718,Standing,30-35,,,,,,,,,
1719,Standing,20-25,,,,,,,,,
1720,Standing,30-35,,,,,,,,,
1721,Standing,30-35,,,,,,,,,
1722,Standing,<20,,,,,,,,,
1723,Standing,<20,,,,,,,,,
1724,Sitting,20-25,,,,,,,,,
1725,Sitting,20-25,,,,,,,,,
1726,Sitting,20-25,,,,,,,,,
1727,Sitting,20-25,,,,,,,,,
1728,Sitting,30-35,,,,,,,,,
1729,Sitting,30-35,,,,,,,,,
1730,Sitting,25-30,,,,,,,,,
1731,Sitting,<20,,,,,,,,,
1732,Sitting,30-35,,,,,,,,,
1733,Sitting,<20,,,,,,,,,
1734,Sitting,25-30,,,,,,,,,
1735,Sitting,25-30,,,,,,,,,
1736,Sitting,25-30,,,,,,,,,
1737,Sitting,20-25,,,,,,,,,
1738,Sitting,20-25,,,,,,,,,
1739,Sitting,20-25,,,,,,,,,
1740,Sitting,20-25,,,,,,,,,
1741,Sitting,30-35,,,,,,,,,
1742,Sitting,30-35,,,,,,,,,
1743,Sitting,25-30,,,,,,,,,
1744,Sitting,<20,,,,,,,,,
1745,Sitting,30-35,,,,,,,,,
1746,Sitting,30-35,,,,,,,,,
1747,Sitting,25-30,,,,,,,,,
1748,Sitting,20-25,,,,,,,,,
1749,Laying,20-25,,,,,,,,,
1750,Laying,20-25,,,,,,,,,
1751,Laying,25-30,,,,,,,,,
1752,Laying,25-30,,,,,,,,,
1753,Laying,25-30,,,,,,,,,
1754,Laying,25-30,,,,,,,,,
1755,Laying,25-30,,,,,,,,,
1756,Laying,30-35,,,,,,,,,
1757,Laying,30-35,,,,,,,,,
1758,Laying,20-25,,,,,,,,,
1759,Laying,20-25,,,,,,,,,
1760,Laying,30-35,,,,,,,,,
1761,Laying,<20,,,,,,,,,
1762,Laying,20-25,,,,,,,,,
1763,Laying,20-25,,,,,,,,,
1764,Laying,20-25,,,,,,,,,
1765,Laying,25-30,,,,,,,,,
1766,Laying,25-30,,,,,,,,,
1767,Laying,25-30,,,,,,,,,
1768,Laying,25-30,,,,,,,,,
1769,Laying,30-35,,,,,,,,,
1770,Laying,>35,,,,,,,,,
1771,Laying,20-25,,,,,,,,,
1772,Laying,20-25,,,,,,,,,
1773,Laying,30-35,,,,,,,,,
1774,Laying,30-35,,,,,,,,,
1775,Laying,>35,,,,,,,,,
1776,Laying,30-35,,,,,,,,,
1777,Laying,>35,,,,,,,,,
1778,Walking,25-30,,,,,,,,,
1779,Walking,20-25,,,,,,,,,
1780,Walking,20-25,,,,,,,,,
1781,Walking,20-25,,,,,,,,,
1782,Walking,20-25,,,,,,,,,
1783,Walking,20-25,,,,,,,,,
1784,Walking,>35,,,,,,,,,
1785,Walking,20-25,,,,,,,,,
1786,Walking,20-25,,,,,,,,,
1787,Walking,20-25,,,,,,,,,
1788,Walking,20-25,,,,,,,,,
1789,Walking,20-25,,,,,,,,,
1790,Walking,20-25,,,,,,,,,
1791,Walking,20-25,,,,,,,,,
1792,Walking,20-25,,,,,,,,,
1793,Walking,20-25,,,,,,,,,
1794,Walking,20-25,,,,,,,,,
1795,Walking,25-30,,,,,,,,,
1796,Walking,>35,,,,,,,,,
1797,Walking,20-25,,,,,,,,,
1798,Walking,20-25,,,,,,,,,
1799,Walking,>35,,,,,,,,,
1800,Walking,>35,,,,,,,,,
1801,Walking,20-25,,,,,,,,,
1802,Walking,25-30,,,,,,,,,
1803,Walking,20-25,,,,,,,,,
1804,Walking,20-25,,,,,,,,,
1805,Walking DownStairs,25-30,,,,,,,,,
1806,Walking DownStairs,>35,,,,,,,,,
1807,Walking DownStairs,25-30,,,,,,,,,
1808,Walking DownStairs,25-30,,,,,,,,,
1809,Walking DownStairs,>35,,,,,,,,,
1810,Walking DownStairs,20-25,,,,,,,,,
1811,Walking DownStairs,20-25,,,,,,,,,
1812,Walking DownStairs,>35,,,,,,,,,
1813,Walking DownStairs,30-35,,,,,,,,,
1814,Walking DownStairs,25-30,,,,,,,,,
1815,Walking DownStairs,25-30,,,,,,,,,
1816,Walking DownStairs,25-30,,,,,,,,,
1817,Walking DownStairs,25-30,,,,,,,,,
1818,Walking DownStairs,20-25,,,,,,,,,
1819,Walking DownStairs,>35,,,,,,,,,
1820,Walking DownStairs,25-30,,,,,,,,,
1821,Walking DownStairs,>35,,,,,,,,,
1822,Walking DownStairs,>35,,,,,,,,,
1823,Walking DownStairs,25-30,,,,,,,,,
1824,Walking DownStairs,20-25,,,,,,,,,
1825,Walking Upstairs,25-30,,,,,,,,,
1826,Walking Upstairs,25-30,,,,,,,,,
1827,Walking Upstairs,25-30,,,,,,,,,
1828,Walking Upstairs,25-30,,,,,,,,,
1829,Walking Upstairs,25-30,,,,,,,,,
1830,Walking Upstairs,25-30,,,,,,,,,
1831,Walking Upstairs,25-30,,,,,,,,,
1832,Walking Upstairs,25-30,,,,,,,,,
1833,Walking Upstairs,25-30,,,,,,,,,
1834,Walking Upstairs,20-25,,,,,,,,,
1835,Walking Upstairs,25-30,,,,,,,,,
1836,Walking Upstairs,>35,,,,,,,,,
1837,Walking Upstairs,25-30,,,,,,,,,
1838,Walking Upstairs,>35,,,,,,,,,
1839,Walking Upstairs,25-30,,,,,,,,,
1840,Walking Upstairs,25-30,,,,,,,,,
1841,Walking Upstairs,>35,,,,,,,,,
1842,Walking Upstairs,25-30,,,,,,,,,
1843,Walking Upstairs,25-30,,,,,,,,,
1844,Walking Upstairs,25-30,,,,,,,,,
1845,Walking Upstairs,25-30,,,,,,,,,
1846,Walking Upstairs,25-30,,,,,,,,,
1847,Walking Upstairs,20-25,,,,,,,,,
1848,Walking Upstairs,25-30,,,,,,,,,
1849,Standing,25-30,,,,,,,,,
1850,Standing,25-30,,,,,,,,,
1851,Standing,25-30,,,,,,,,,
1852,Standing,<20,,,,,,,,,
1853,Standing,30-35,,,,,,,,,
1854,Standing,30-35,,,,,,,,,
1855,Standing,30-35,,,,,,,,,
1856,Standing,20-25,,,,,,,,,
1857,Standing,20-25,,,,,,,,,
1858,Standing,25-30,,,,,,,,,
1859,Standing,30-35,,,,,,,,,
1860,Standing,20-25,,,,,,,,,
1861,Standing,<20,,,,,,,,,
1862,Standing,25-30,,,,,,,,,
1863,Standing,25-30,,,,,,,,,
1864,Standing,20-25,,,,,,,,,
1865,Standing,>35,,,,,,,,,
1866,Standing,25-30,,,,,,,,,
1867,Standing,30-35,,,,,,,,,
1868,Standing,20-25,,,,,,,,,
1869,Standing,25-30,,,,,,,,,
1870,Standing,25-30,,,,,,,,,
1871,Standing,20-25,,,,,,,,,
1872,Standing,30-35,,,,,,,,,
1873,Standing,30-35,,,,,,,,,
1874,Standing,30-35,,,,,,,,,
1875,Standing,20-25,,,,,,,,,
1876,Standing,30-35,,,,,,,,,
1877,Standing,30-35,,,,,,,,,
1878,Standing,30-35,,,,,,,,,
1879,Standing,20-25,,,,,,,,,
1880,Standing,20-25,,,,,,,,,
1881,Standing,25-30,,,,,,,,,
1882,Standing,25-30,,,,,,,,,
1883,Standing,30-35,,,,,,,,,
1884,Standing,20-25,,,,,,,,,
1885,Standing,20-25,,,,,,,,,
1886,Standing,30-35,,,,,,,,,
1887,Standing,<20,,,,,,,,,
1888,Standing,30-35,,,,,,,,,
1889,Sitting,20-25,,,,,,,,,
1890,Sitting,20-25,,,,,,,,,
1891,Sitting,30-35,,,,,,,,,
1892,Sitting,30-35,,,,,,,,,
1893,Sitting,20-25,,,,,,,,,
1894,Sitting,30-35,,,,,,,,,
1895,Sitting,30-35,,,,,,,,,
1896,Sitting,30-35,,,,,,,,,
1897,Sitting,30-35,,,,,,,,,
1898,Sitting,<20,,,,,,,,,
1899,Sitting,30-35,,,,,,,,,
1900,Sitting,30-35,,,,,,,,,
1901,Sitting,30-35,,,,,,,,,
1902,Sitting,30-35,,,,,,,,,
1903,Sitting,25-30,,,,,,,,,
1904,Sitting,30-35,,,,,,,,,
1905,Sitting,20-25,,,,,,,,,
1906,Sitting,20-25,,,,,,,,,
1907,Sitting,20-25,,,,,,,,,
1908,Sitting,20-25,,,,,,,,,
1909,Sitting,30-35,,,,,,,,,
1910,Sitting,<20,,,,,,,,,
1911,Sitting,<20,,,,,,,,,
1912,Sitting,30-35,,,,,,,,,
1913,Sitting,30-35,,,,,,,,,
1914,Sitting,30-35,,,,,,,,,
1915,Sitting,30-35,,,,,,,,,
1916,Sitting,<20,,,,,,,,,
1917,Sitting,<20,,,,,,,,,
1918,Sitting,30-35,,,,,,,,,
1919,Laying,20-25,,,,,,,,,
1920,Laying,20-25,,,,,,,,,
1921,Laying,25-30,,,,,,,,,
1922,Laying,25-30,,,,,,,,,
1923,Laying,25-30,,,,,,,,,
1924,Laying,25-30,,,,,,,,,
1925,Laying,25-30,,,,,,,,,
1926,Laying,30-35,,,,,,,,,
1927,Laying,30-35,,,,,,,,,
1928,Laying,25-30,,,,,,,,,
1929,Laying,30-35,,,,,,,,,
1930,Laying,20-25,,,,,,,,,
1931,Laying,30-35,,,,,,,,,
1932,Laying,30-35,,,,,,,,,
1933,Laying,>35,,,,,,,,,
1934,Laying,20-25,,,,,,,,,
1935,Laying,25-30,,,,,,,,,
1936,Laying,25-30,,,,,,,,,
1937,Laying,25-30,,,,,,,,,
1938,Laying,25-30,,,,,,,,,
1939,Laying,30-35,,,,,,,,,
1940,Laying,25-30,,,,,,,,,
1941,Laying,20-25,,,,,,,,,
1942,Laying,30-35,,,,,,,,,
1943,Laying,<20,,,,,,,,,
1944,Laying,30-35,,,,,,,,,
1945,Laying,30-35,,,,,,,,,
1946,Laying,<20,,,,,,,,,
1947,Laying,30-35,,,,,,,,,
1948,Laying,30-35,,,,,,,,,
1949,Laying,>35,,,,,,,,,
1950,Laying,>35,,,,,,,,,
1951,Walking,25-30,,,,,,,,,
1952,Walking,25-30,,,,,,,,,
1953,Walking,25-30,,,,,,,,,
1954,Walking,20-25,,,,,,,,,
1955,Walking,25-30,,,,,,,,,
1956,Walking,25-30,,,,,,,,,
1957,Walking,25-30,,,,,,,,,
1958,Walking,25-30,,,,,,,,,
1959,Walking,25-30,,,,,,,,,
1960,Walking,25-30,,,,,,,,,
1961,Walking,25-30,,,,,,,,,
1962,Walking,25-30,,,,,,,,,
1963,Walking,25-30,,,,,,,,,
1964,Walking,>35,,,,,,,,,
1965,Walking,25-30,,,,,,,,,
1966,Walking,25-30,,,,,,,,,
1967,Walking,25-30,,,,,,,,,
1968,Walking,25-30,,,,,,,,,
1969,Walking,25-30,,,,,,,,,
1970,Walking,25-30,,,,,,,,,
1971,Walking,25-30,,,,,,,,,
1972,Walking,25-30,,,,,,,,,
1973,Walking,25-30,,,,,,,,,
1974,Walking,25-30,,,,,,,,,
1975,Walking,25-30,,,,,,,,,
1976,Walking,25-30,,,,,,,,,
1977,Walking,25-30,,,,,,,,,
1978,Walking,25-30,,,,,,,,,
1979,Walking,20-25,,,,,,,,,
1980,Walking DownStairs,20-25,,,,,,,,,
1981,Walking DownStairs,>35,,,,,,,,,
1982,Walking DownStairs,>35,,,,,,,,,
1983,Walking DownStairs,25-30,,,,,,,,,
1984,Walking DownStairs,25-30,,,,,,,,,
1985,Walking DownStairs,25-30,,,,,,,,,
1986,Walking DownStairs,20-25,,,,,,,,,
1987,Walking DownStairs,20-25,,,,,,,,,
1988,Walking DownStairs,20-25,,,,,,,,,
1989,Walking DownStairs,20-25,,,,,,,,,
1990,Walking Upstairs,25-30,,,,,,,,,
1991,Walking Upstairs,25-30,,,,,,,,,
1992,Walking Upstairs,25-30,,,,,,,,,
1993,Walking Upstairs,20-25,,,,,,,,,
1994,Walking Upstairs,<20,,,,,,,,,
1995,Walking Upstairs,30-35,,,,,,,,,
1996,Walking Upstairs,20-25,,,,,,,,,
1997,Walking Upstairs,>35,,,,,,,,,
1998,Walking Upstairs,>35,,,,,,,,,
1999,Walking Upstairs,25-30,,,,,,,,,
2000,Walking DownStairs,>35,,,,,,,,,
2001,Walking DownStairs,30-35,,,,,,,,,
2002,Walking DownStairs,>35,,,,,,,,,
2003,Walking DownStairs,>35,,,,,,,,,
2004,Walking DownStairs,20-25,,,,,,,,,
2005,Walking DownStairs,25-30,,,,,,,,,
2006,Walking DownStairs,25-30,,,,,,,,,
2007,Walking DownStairs,20-25,,,,,,,,,
2008,Walking DownStairs,20-25,,,,,,,,,
2009,Walking Upstairs,25-30,,,,,,,,,
2010,Walking Upstairs,25-30,,,,,,,,,
2011,Walking Upstairs,25-30,,,,,,,,,
2012,Walking Upstairs,20-25,,,,,,,,,
2013,Walking Upstairs,20-25,,,,,,,,,
2014,Walking Upstairs,25-30,,,,,,,,,
2015,Walking Upstairs,25-30,,,,,,,,,
2016,Walking Upstairs,25-30,,,,,,,,,
2017,Walking Upstairs,25-30,,,,,,,,,
2018,Walking DownStairs,>35,,,,,,,,,
2019,Walking DownStairs,30-35,,,,,,,,,
2020,Walking DownStairs,>35,,,,,,,,,
2021,Walking DownStairs,25-30,,,,,,,,,
2022,Walking DownStairs,20-25,,,,,,,,,
2023,Walking DownStairs,25-30,,,,,,,,,
2024,Walking DownStairs,25-30,,,,,,,,,
2025,Walking DownStairs,20-25,,,,,,,,,
2026,Walking DownStairs,20-25,,,,,,,,,
2027,Walking Upstairs,25-30,,,,,,,,,
2028,Walking Upstairs,25-30,,,,,,,,,
2029,Walking Upstairs,25-30,,,,,,,,,
2030,Walking Upstairs,20-25,,,,,,,,,
2031,Walking Upstairs,20-25,,,,,,,,,
2032,Walking Upstairs,30-35,,,,,,,,,
2033,Walking Upstairs,20-25,,,,,,,,,
2034,Walking Upstairs,20-25,,,,,,,,,
2035,Walking Upstairs,25-30,,,,,,,,,
2036,Walking Upstairs,25-30,,,,,,,,,
2037,Standing,25-30,,,,,,,,,
2038,Standing,30-35,,,,,,,,,
2039,Standing,25-30,,,,,,,,,
2040,Standing,20-25,,,,,,,,,
2041,Standing,20-25,,,,,,,,,
2042,Standing,<20,,,,,,,,,
2043,Standing,20-25,,,,,,,,,
2044,Standing,30-35,,,,,,,,,
2045,Standing,>35,,,,,,,,,
2046,Standing,30-35,,,,,,,,,
2047,Standing,20-25,,,,,,,,,
2048,Standing,20-25,,,,,,,,,
2049,Standing,20-25,,,,,,,,,
2050,Standing,<20,,,,,,,,,
2051,Standing,<20,,,,,,,,,
2052,Standing,<20,,,,,,,,,
2053,Standing,30-35,,,,,,,,,
2054,Standing,30-35,,,,,,,,,
2055,Standing,25-30,,,,,,,,,
2056,Standing,25-30,,,,,,,,,
2057,Standing,30-35,,,,,,,,,
2058,Standing,20-25,,,,,,,,,
2059,Standing,20-25,,,,,,,,,
2060,Standing,30-35,,,,,,,,,
2061,Standing,30-35,,,,,,,,,
2062,Standing,30-35,,,,,,,,,
2063,Standing,<20,,,,,,,,,
2064,Standing,30-35,,,,,,,,,
2065,Standing,30-35,,,,,,,,,
2066,Standing,<20,,,,,,,,,
2067,Standing,30-35,,,,,,,,,
2068,Standing,30-35,,,,,,,,,
2069,Standing,<20,,,,,,,,,
2070,Sitting,20-25,,,,,,,,,
2071,Sitting,20-25,,,,,,,,,
2072,Sitting,20-25,,,,,,,,,
2073,Sitting,20-25,,,,,,,,,
2074,Sitting,30-35,,,,,,,,,
2075,Sitting,<20,,,,,,,,,
2076,Sitting,<20,,,,,,,,,
2077,Sitting,30-35,,,,,,,,,
2078,Sitting,30-35,,,,,,,,,
2079,Sitting,<20,,,,,,,,,
2080,Sitting,30-35,,,,,,,,,
2081,Sitting,30-35,,,,,,,,,
2082,Sitting,30-35,,,,,,,,,
2083,Sitting,25-30,,,,,,,,,
2084,Sitting,25-30,,,,,,,,,
2085,Sitting,20-25,,,,,,,,,
2086,Sitting,20-25,,,,,,,,,
2087,Sitting,20-25,,,,,,,,,
2088,Sitting,20-25,,,,,,,,,
2089,Sitting,20-25,,,,,,,,,
2090,Sitting,30-35,,,,,,,,,
2091,Sitting,<20,,,,,,,,,
2092,Sitting,30-35,,,,,,,,,
2093,Sitting,30-35,,,,,,,,,
2094,Sitting,30-35,,,,,,,,,
2095,Sitting,30-35,,,,,,,,,
2096,Sitting,30-35,,,,,,,,,
2097,Laying,20-25,,,,,,,,,
2098,Laying,25-30,,,,,,,,,
2099,Laying,25-30,,,,,,,,,
2100,Laying,25-30,,,,,,,,,
2101,Laying,25-30,,,,,,,,,
2102,Laying,25-30,,,,,,,,,
2103,Laying,20-25,,,,,,,,,
2104,Laying,30-35,,,,,,,,,
2105,Laying,20-25,,,,,,,,,
2106,Laying,30-35,,,,,,,,,
2107,Laying,30-35,,,,,,,,,
2108,Laying,20-25,,,,,,,,,
2109,Laying,30-35,,,,,,,,,
2110,Laying,30-35,,,,,,,,,
2111,Laying,30-35,,,,,,,,,
2112,Laying,30-35,,,,,,,,,
2113,Laying,20-25,,,,,,,,,
2114,Laying,25-30,,,,,,,,,
2115,Laying,25-30,,,,,,,,,
2116,Laying,25-30,,,,,,,,,
2117,Laying,25-30,,,,,,,,,
2118,Laying,25-30,,,,,,,,,
2119,Laying,25-30,,,,,,,,,
2120,Laying,<20,,,,,,,,,
2121,Laying,30-35,,,,,,,,,
2122,Laying,30-35,,,,,,,,,
2123,Laying,30-35,,,,,,,,,
2124,Laying,<20,,,,,,,,,
2125,Laying,30-35,,,,,,,,,
2126,Laying,30-35,,,,,,,,,
2127,Laying,20-25,,,,,,,,,
2128,Laying,30-35,,,,,,,,,
2129,Laying,30-35,,,,,,,,,
2130,Walking,30-35,,,,,,,,,
2131,Walking,>35,,,,,,,,,
2132,Walking,25-30,,,,,,,,,
2133,Walking,25-30,,,,,,,,,
2134,Walking,25-30,,,,,,,,,
2135,Walking,25-30,,,,,,,,,
2136,Walking,>35,,,,,,,,,
2137,Walking,20-25,,,,,,,,,
2138,Walking,20-25,,,,,,,,,
2139,Walking,20-25,,,,,,,,,
2140,Walking,25-30,,,,,,,,,
2141,Walking,25-30,,,,,,,,,
2142,Walking,25-30,,,,,,,,,
2143,Walking,>35,,,,,,,,,
2144,Walking,30-35,,,,,,,,,
2145,Walking,30-35,,,,,,,,,
2146,Walking,20-25,,,,,,,,,
2147,Walking,20-25,,,,,,,,,
2148,Walking,25-30,,,,,,,,,
2149,Walking,25-30,,,,,,,,,
2150,Walking,20-25,,,,,,,,,
2151,Walking,20-25,,,,,,,,,
2152,Walking,25-30,,,,,,,,,
2153,Walking,25-30,,,,,,,,,
2154,Walking,25-30,,,,,,,,,
2155,Walking,20-25,,,,,,,,,
2156,Walking,20-25,,,,,,,,,
2157,Walking DownStairs,20-25,,,,,,,,,
2158,Walking DownStairs,30-35,,,,,,,,,
2159,Walking DownStairs,30-35,,,,,,,,,
2160,Walking DownStairs,30-35,,,,,,,,,
2161,Walking DownStairs,25-30,,,,,,,,,
2162,Walking DownStairs,>35,,,,,,,,,
2163,Walking DownStairs,20-25,,,,,,,,,
2164,Walking DownStairs,25-30,,,,,,,,,
2165,Walking DownStairs,25-30,,,,,,,,,
2166,Walking DownStairs,30-35,,,,,,,,,
2167,Walking DownStairs,30-35,,,,,,,,,
2168,Walking DownStairs,30-35,,,,,,,,,
2169,Walking DownStairs,>35,,,,,,,,,
2170,Walking DownStairs,25-30,,,,,,,,,
2171,Walking DownStairs,30-35,,,,,,,,,
2172,Walking DownStairs,25-30,,,,,,,,,
2173,Walking DownStairs,25-30,,,,,,,,,
2174,Walking DownStairs,25-30,,,,,,,,,
2175,Walking Upstairs,30-35,,,,,,,,,
2176,Walking Upstairs,30-35,,,,,,,,,
2177,Walking Upstairs,25-30,,,,,,,,,
2178,Walking Upstairs,20-25,,,,,,,,,
2179,Walking Upstairs,20-25,,,,,,,,,
2180,Walking Upstairs,25-30,,,,,,,,,
2181,Walking Upstairs,>35,,,,,,,,,
2182,Walking Upstairs,30-35,,,,,,,,,
2183,Walking Upstairs,30-35,,,,,,,,,
2184,Walking Upstairs,30-35,,,,,,,,,
2185,Walking Upstairs,30-35,,,,,,,,,
2186,Walking Upstairs,20-25,,,,,,,,,
2187,Walking Upstairs,25-30,,,,,,,,,
2188,Walking Upstairs,25-30,,,,,,,,,
2189,Walking Upstairs,20-25,,,,,,,,,
2190,Walking Upstairs,20-25,,,,,,,,,
2191,Walking Upstairs,30-35,,,,,,,,,
2192,Walking Upstairs,30-35,,,,,,,,,
2193,Walking Upstairs,30-35,,,,,,,,,
2194,Walking Upstairs,30-35,,,,,,,,,
2195,Walking Upstairs,30-35,,,,,,,,,
2196,Walking Upstairs,20-25,,,,,,,,,
2197,Walking Upstairs,25-30,,,,,,,,,
2198,Walking Upstairs,20-25,,,,,,,,,
2199,Walking Upstairs,20-25,,,,,,,,,
2200,Walking Upstairs,20-25,,,,,,,,,
2201,Walking Upstairs,30-35,,,,,,,,,
2202,Walking Upstairs,30-35,,,,,,,,,
2203,Walking Upstairs,30-35,,,,,,,,,
2204,Walking DownStairs,30-35,,,,,,,,,
2205,Walking DownStairs,20-25,,,,,,,,,
2206,Walking DownStairs,30-35,,,,,,,,,
2207,Walking DownStairs,30-35,,,,,,,,,
2208,Walking DownStairs,<20,,,,,,,,,
2209,Walking DownStairs,>35,,,,,,,,,
2210,Walking DownStairs,20-25,,,,,,,,,
2211,Walking DownStairs,25-30,,,,,,,,,
2212,Walking DownStairs,25-30,,,,,,,,,
2213,Standing,20-25,,,,,,,,,
2214,Standing,25-30,,,,,,,,,
2215,Standing,25-30,,,,,,,,,
2216,Standing,30-35,,,,,,,,,
2217,Standing,20-25,,,,,,,,,
2218,Standing,20-25,,,,,,,,,
2219,Standing,30-35,,,,,,,,,
2220,Standing,25-30,,,,,,,,,
2221,Standing,25-30,,,,,,,,,
2222,Standing,25-30,,,,,,,,,
2223,Standing,25-30,,,,,,,,,
2224,Standing,25-30,,,,,,,,,
2225,Standing,<20,,,,,,,,,
2226,Standing,30-35,,,,,,,,,
2227,Standing,30-35,,,,,,,,,
2228,Standing,<20,,,,,,,,,
2229,Standing,<20,,,,,,,,,
2230,Standing,30-35,,,,,,,,,
2231,Standing,30-35,,,,,,,,,
2232,Standing,20-25,,,,,,,,,
2233,Standing,<20,,,,,,,,,
2234,Standing,25-30,,,,,,,,,
2235,Standing,25-30,,,,,,,,,
2236,Standing,25-30,,,,,,,,,
2237,Standing,20-25,,,,,,,,,
2238,Standing,20-25,,,,,,,,,
2239,Standing,25-30,,,,,,,,,
2240,Standing,25-30,,,,,,,,,
2241,Standing,25-30,,,,,,,,,
2242,Standing,30-35,,,,,,,,,
2243,Standing,>35,,,,,,,,,
2244,Standing,20-25,,,,,,,,,
2245,Standing,20-25,,,,,,,,,
2246,Standing,25-30,,,,,,,,,
2247,Standing,25-30,,,,,,,,,
2248,Standing,20-25,,,,,,,,,
2249,Standing,>35,,,,,,,,,
2250,Standing,20-25,,,,,,,,,
2251,Sitting,20-25,,,,,,,,,
2252,Sitting,20-25,,,,,,,,,
2253,Sitting,20-25,,,,,,,,,
2254,Sitting,20-25,,,,,,,,,
2255,Sitting,30-35,,,,,,,,,
2256,Sitting,30-35,,,,,,,,,
2257,Sitting,25-30,,,,,,,,,
2258,Sitting,<20,,,,,,,,,
2259,Sitting,30-35,,,,,,,,,
2260,Sitting,30-35,,,,,,,,,
2261,Sitting,30-35,,,,,,,,,
2262,Sitting,30-35,,,,,,,,,
2263,Sitting,<20,,,,,,,,,
2264,Sitting,30-35,,,,,,,,,
2265,Sitting,30-35,,,,,,,,,
2266,Sitting,30-35,,,,,,,,,
2267,Sitting,30-35,,,,,,,,,
2268,Sitting,<20,,,,,,,,,
2269,Sitting,<20,,,,,,,,,
2270,Sitting,<20,,,,,,,,,
2271,Sitting,25-30,,,,,,,,,
2272,Sitting,25-30,,,,,,,,,
2273,Sitting,25-30,,,,,,,,,
2274,Sitting,25-30,,,,,,,,,
2275,Sitting,20-25,,,,,,,,,
2276,Sitting,20-25,,,,,,,,,
2277,Sitting,20-25,,,,,,,,,
2278,Sitting,>35,,,,,,,,,
2279,Sitting,30-35,,,,,,,,,
2280,Sitting,30-35,,,,,,,,,
2281,Sitting,30-35,,,,,,,,,
2282,Sitting,30-35,,,,,,,,,
2283,Sitting,25-30,,,,,,,,,
2284,Sitting,30-35,,,,,,,,,
2285,Sitting,30-35,,,,,,,,,
2286,Sitting,25-30,,,,,,,,,
2287,Laying,20-25,,,,,,,,,
2288,Laying,20-25,,,,,,,,,
2289,Laying,20-25,,,,,,,,,
2290,Laying,25-30,,,,,,,,,
2291,Laying,25-30,,,,,,,,,
2292,Laying,25-30,,,,,,,,,
2293,Laying,25-30,,,,,,,,,
2294,Laying,25-30,,,,,,,,,
2295,Laying,30-35,,,,,,,,,
2296,Laying,30-35,,,,,,,,,
2297,Laying,30-35,,,,,,,,,
2298,Laying,30-35,,,,,,,,,
2299,Laying,30-35,,,,,,,,,
2300,Laying,20-25,,,,,,,,,
2301,Laying,20-25,,,,,,,,,
2302,Laying,>35,,,,,,,,,
2303,Laying,25-30,,,,,,,,,
2304,Laying,20-25,,,,,,,,,
2305,Laying,20-25,,,,,,,,,
2306,Laying,25-30,,,,,,,,,
2307,Laying,25-30,,,,,,,,,
2308,Laying,25-30,,,,,,,,,
2309,Laying,25-30,,,,,,,,,
2310,Laying,30-35,,,,,,,,,
2311,Laying,30-35,,,,,,,,,
2312,Laying,30-35,,,,,,,,,
2313,Laying,25-30,,,,,,,,,
2314,Laying,25-30,,,,,,,,,
2315,Laying,20-25,,,,,,,,,
2316,Laying,25-30,,,,,,,,,
2317,Laying,>35,,,,,,,,,
2318,Walking,>35,,,,,,,,,
2319,Walking,>35,,,,,,,,,
2320,Walking,25-30,,,,,,,,,
2321,Walking,25-30,,,,,,,,,
2322,Walking,20-25,,,,,,,,,
2323,Walking,20-25,,,,,,,,,
2324,Walking,25-30,,,,,,,,,
2325,Walking,>35,,,,,,,,,
2326,Walking,>35,,,,,,,,,
2327,Walking,25-30,,,,,,,,,
2328,Walking,20-25,,,,,,,,,
2329,Walking,20-25,,,,,,,,,
2330,Walking,25-30,,,,,,,,,
2331,Walking,25-30,,,,,,,,,
2332,Walking,20-25,,,,,,,,,
2333,Walking,25-30,,,,,,,,,
2334,Walking,>35,,,,,,,,,
2335,Walking,30-35,,,,,,,,,
2336,Walking,25-30,,,,,,,,,
2337,Walking,20-25,,,,,,,,,
2338,Walking,25-30,,,,,,,,,
2339,Walking,>35,,,,,,,,,
2340,Walking,20-25,,,,,,,,,
2341,Walking,>35,,,,,,,,,
2342,Walking,25-30,,,,,,,,,
2343,Walking,25-30,,,,,,,,,
2344,Walking,25-30,,,,,,,,,
2345,Walking DownStairs,30-35,,,,,,,,,
2346,Walking DownStairs,30-35,,,,,,,,,
2347,Walking DownStairs,30-35,,,,,,,,,
2348,Walking DownStairs,20-25,,,,,,,,,
2349,Walking DownStairs,20-25,,,,,,,,,
2350,Walking DownStairs,25-30,,,,,,,,,
2351,Walking DownStairs,25-30,,,,,,,,,
2352,Walking DownStairs,20-25,,,,,,,,,
2353,Walking DownStairs,30-35,,,,,,,,,
2354,Walking DownStairs,30-35,,,,,,,,,
2355,Walking DownStairs,20-25,,,,,,,,,
2356,Walking DownStairs,20-25,,,,,,,,,
2357,Walking DownStairs,20-25,,,,,,,,,
2358,Walking DownStairs,20-25,,,,,,,,,
2359,Walking DownStairs,30-35,,,,,,,,,
2360,Walking DownStairs,30-35,,,,,,,,,
2361,Walking DownStairs,30-35,,,,,,,,,
2362,Walking DownStairs,30-35,,,,,,,,,
2363,Walking DownStairs,20-25,,,,,,,,,
2364,Walking DownStairs,30-35,,,,,,,,,
2365,Walking DownStairs,25-30,,,,,,,,,
2366,Walking DownStairs,20-25,,,,,,,,,
2367,Walking Upstairs,25-30,,,,,,,,,
2368,Walking Upstairs,25-30,,,,,,,,,
2369,Walking Upstairs,25-30,,,,,,,,,
2370,Walking Upstairs,25-30,,,,,,,,,
2371,Walking Upstairs,25-30,,,,,,,,,
2372,Walking Upstairs,25-30,,,,,,,,,
2373,Walking Upstairs,30-35,,,,,,,,,
2374,Walking Upstairs,30-35,,,,,,,,,
2375,Walking Upstairs,25-30,,,,,,,,,
2376,Walking Upstairs,25-30,,,,,,,,,
2377,Walking Upstairs,25-30,,,,,,,,,
2378,Walking Upstairs,25-30,,,,,,,,,
2379,Walking Upstairs,25-30,,,,,,,,,
2380,Walking Upstairs,25-30,,,,,,,,,
2381,Walking Upstairs,25-30,,,,,,,,,
2382,Walking Upstairs,30-35,,,,,,,,,
2383,Walking Upstairs,30-35,,,,,,,,,
2384,Walking Upstairs,30-35,,,,,,,,,
2385,Walking Upstairs,25-30,,,,,,,,,
2386,Walking Upstairs,25-30,,,,,,,,,
2387,Walking Upstairs,25-30,,,,,,,,,
2388,Walking Upstairs,25-30,,,,,,,,,
2389,Walking Upstairs,25-30,,,,,,,,,
2390,Walking Upstairs,25-30,,,,,,,,,
2391,Walking Upstairs,30-35,,,,,,,,,
2392,Walking Upstairs,30-35,,,,,,,,,
2393,Standing,20-25,,,,,,,,,
2394,Standing,25-30,,,,,,,,,
2395,Standing,25-30,,,,,,,,,
2396,Standing,25-30,,,,,,,,,
2397,Standing,25-30,,,,,,,,,
2398,Standing,25-30,,,,,,,,,
2399,Standing,25-30,,,,,,,,,
2400,Standing,25-30,,,,,,,,,
2401,Standing,30-35,,,,,,,,,
2402,Standing,25-30,,,,,,,,,
2403,Standing,25-30,,,,,,,,,
2404,Standing,30-35,,,,,,,,,
2405,Standing,30-35,,,,,,,,,
2406,Standing,20-25,,,,,,,,,
2407,Standing,25-30,,,,,,,,,
2408,Standing,25-30,,,,,,,,,
2409,Standing,20-25,,,,,,,,,
2410,Standing,20-25,,,,,,,,,
2411,Standing,30-35,,,,,,,,,
2412,Standing,30-35,,,,,,,,,
2413,Standing,25-30,,,,,,,,,
2414,Standing,25-30,,,,,,,,,
2415,Standing,25-30,,,,,,,,,
2416,Standing,30-35,,,,,,,,,
2417,Standing,30-35,,,,,,,,,
2418,Standing,25-30,,,,,,,,,
2419,Standing,20-25,,,,,,,,,
2420,Standing,20-25,,,,,,,,,
2421,Standing,30-35,,,,,,,,,
2422,Standing,>35,,,,,,,,,
2423,Standing,20-25,,,,,,,,,
2424,Standing,20-25,,,,,,,,,
2425,Standing,20-25,,,,,,,,,
2426,Standing,<20,,,,,,,,,
2427,Standing,30-35,,,,,,,,,
2428,Sitting,20-25,,,,,,,,,
2429,Sitting,20-25,,,,,,,,,
2430,Sitting,20-25,,,,,,,,,
2431,Sitting,20-25,,,,,,,,,
2432,Sitting,25-30,,,,,,,,,
2433,Sitting,25-30,,,,,,,,,
2434,Sitting,25-30,,,,,,,,,
2435,Sitting,<20,,,,,,,,,
2436,Sitting,30-35,,,,,,,,,
2437,Sitting,30-35,,,,,,,,,
2438,Sitting,30-35,,,,,,,,,
2439,Sitting,30-35,,,,,,,,,
2440,Sitting,30-35,,,,,,,,,
2441,Sitting,25-30,,,,,,,,,
2442,Sitting,25-30,,,,,,,,,
2443,Sitting,30-35,,,,,,,,,
2444,Sitting,20-25,,,,,,,,,
2445,Sitting,20-25,,,,,,,,,
2446,Sitting,25-30,,,,,,,,,
2447,Sitting,30-35,,,,,,,,,
2448,Sitting,20-25,,,,,,,,,
2449,Sitting,25-30,,,,,,,,,
2450,Sitting,30-35,,,,,,,,,
2451,Sitting,30-35,,,,,,,,,
2452,Sitting,20-25,,,,,,,,,
2453,Sitting,20-25,,,,,,,,,
2454,Sitting,25-30,,,,,,,,,
2455,Sitting,25-30,,,,,,,,,
2456,Sitting,30-35,,,,,,,,,
2457,Sitting,30-35,,,,,,,,,
2458,Laying,20-25,,,,,,,,,
2459,Laying,20-25,,,,,,,,,
2460,Laying,20-25,,,,,,,,,
2461,Laying,20-25,,,,,,,,,
2462,Laying,20-25,,,,,,,,,
2463,Laying,25-30,,,,,,,,,
2464,Laying,25-30,,,,,,,,,
2465,Laying,25-30,,,,,,,,,
2466,Laying,25-30,,,,,,,,,
2467,Laying,30-35,,,,,,,,,
2468,Laying,25-30,,,,,,,,,
2469,Laying,20-25,,,,,,,,,
2470,Laying,20-25,,,,,,,,,
2471,Laying,20-25,,,,,,,,,
2472,Laying,20-25,,,,,,,,,
2473,Laying,30-35,,,,,,,,,
2474,Laying,25-30,,,,,,,,,
2475,Laying,>35,,,,,,,,,
2476,Laying,20-25,,,,,,,,,
2477,Laying,20-25,,,,,,,,,
2478,Laying,30-35,,,,,,,,,
2479,Laying,25-30,,,,,,,,,
2480,Laying,25-30,,,,,,,,,
2481,Laying,25-30,,,,,,,,,
2482,Laying,20-25,,,,,,,,,
2483,Laying,25-30,,,,,,,,,
2484,Laying,20-25,,,,,,,,,
2485,Laying,20-25,,,,,,,,,
2486,Laying,<20,,,,,,,,,
2487,Laying,<20,,,,,,,,,
2488,Laying,>35,,,,,,,,,
2489,Laying,30-35,,,,,,,,,
2490,Laying,30-35,,,,,,,,,
2491,Laying,30-35,,,,,,,,,
2492,Laying,>35,,,,,,,,,
2493,Laying,>35,,,,,,,,,
2494,Laying,30-35,,,,,,,,,
2495,Walking,>35,,,,,,,,,
2496,Walking,>35,,,,,,,,,
2497,Walking,20-25,,,,,,,,,
2498,Walking,20-25,,,,,,,,,
2499,Walking,20-25,,,,,,,,,
2500,Walking,20-25,,,,,,,,,
2501,Walking,>35,,,,,,,,,
2502,Walking,20-25,,,,,,,,,
2503,Walking,20-25,,,,,,,,,
2504,Walking,30-35,,,,,,,,,
2505,Walking,20-25,,,,,,,,,
2506,Walking,20-25,,,,,,,,,
2507,Walking,20-25,,,,,,,,,
2508,Walking,25-30,,,,,,,,,
2509,Walking,20-25,,,,,,,,,
2510,Walking,30-35,,,,,,,,,
2511,Walking,30-35,,,,,,,,,
2512,Walking,20-25,,,,,,,,,
2513,Walking,20-25,,,,,,,,,
2514,Walking,25-30,,,,,,,,,
2515,Walking,25-30,,,,,,,,,
2516,Walking,25-30,,,,,,,,,
2517,Walking,>35,,,,,,,,,
2518,Walking,20-25,,,,,,,,,
2519,Walking DownStairs,30-35,,,,,,,,,
2520,Walking DownStairs,30-35,,,,,,,,,
2521,Walking DownStairs,30-35,,,,,,,,,
2522,Walking DownStairs,>35,,,,,,,,,
2523,Walking DownStairs,20-25,,,,,,,,,
2524,Walking DownStairs,20-25,,,,,,,,,
2525,Walking DownStairs,20-25,,,,,,,,,
2526,Walking DownStairs,20-25,,,,,,,,,
2527,Walking DownStairs,30-35,,,,,,,,,
2528,Walking DownStairs,20-25,,,,,,,,,
2529,Walking DownStairs,30-35,,,,,,,,,
2530,Walking DownStairs,>35,,,,,,,,,
2531,Walking DownStairs,20-25,,,,,,,,,
2532,Walking DownStairs,20-25,,,,,,,,,
2533,Walking DownStairs,20-25,,,,,,,,,
2534,Walking DownStairs,30-35,,,,,,,,,
2535,Walking DownStairs,30-35,,,,,,,,,
2536,Walking DownStairs,20-25,,,,,,,,,
2537,Walking DownStairs,>35,,,,,,,,,
2538,Walking DownStairs,20-25,,,,,,,,,
2539,Walking DownStairs,30-35,,,,,,,,,
2540,Walking DownStairs,20-25,,,,,,,,,
2541,Walking DownStairs,20-25,,,,,,,,,
2542,Walking Upstairs,25-30,,,,,,,,,
2543,Walking Upstairs,25-30,,,,,,,,,
2544,Walking Upstairs,25-30,,,,,,,,,
2545,Walking Upstairs,>35,,,,,,,,,
2546,Walking Upstairs,>35,,,,,,,,,
2547,Walking Upstairs,>35,,,,,,,,,
2548,Walking Upstairs,>35,,,,,,,,,
2549,Walking Upstairs,>35,,,,,,,,,
2550,Walking Upstairs,20-25,,,,,,,,,
2551,Walking Upstairs,25-30,,,,,,,,,
2552,Walking Upstairs,25-30,,,,,,,,,
2553,Walking Upstairs,25-30,,,,,,,,,
2554,Walking Upstairs,25-30,,,,,,,,,
2555,Walking Upstairs,25-30,,,,,,,,,
2556,Walking Upstairs,30-35,,,,,,,,,
2557,Walking Upstairs,30-35,,,,,,,,,
2558,Walking Upstairs,25-30,,,,,,,,,
2559,Walking Upstairs,25-30,,,,,,,,,
2560,Walking Upstairs,25-30,,,,,,,,,
2561,Walking Upstairs,25-30,,,,,,,,,
2562,Walking Upstairs,25-30,,,,,,,,,
2563,Walking Upstairs,20-25,,,,,,,,,
2564,Walking Upstairs,25-30,,,,,,,,,
2565,Walking Upstairs,20-25,,,,,,,,,
2566,Walking Upstairs,20-25,,,,,,,,,
2567,Standing,25-30,,,,,,,,,
2568,Standing,25-30,,,,,,,,,
2569,Standing,25-30,,,,,,,,,
2570,Standing,20-25,,,,,,,,,
2571,Standing,25-30,,,,,,,,,
2572,Standing,25-30,,,,,,,,,
2573,Standing,>35,,,,,,,,,
2574,Standing,30-35,,,,,,,,,
2575,Standing,30-35,,,,,,,,,
2576,Standing,20-25,,,,,,,,,
2577,Standing,<20,,,,,,,,,
2578,Standing,25-30,,,,,,,,,
2579,Standing,30-35,,,,,,,,,
2580,Standing,25-30,,,,,,,,,
2581,Standing,25-30,,,,,,,,,
2582,Standing,25-30,,,,,,,,,
2583,Standing,30-35,,,,,,,,,
2584,Standing,30-35,,,,,,,,,
2585,Standing,25-30,,,,,,,,,
2586,Standing,25-30,,,,,,,,,
2587,Standing,20-25,,,,,,,,,
2588,Standing,20-25,,,,,,,,,
2589,Standing,>35,,,,,,,,,
2590,Standing,>35,,,,,,,,,
2591,Standing,20-25,,,,,,,,,
2592,Standing,25-30,,,,,,,,,
2593,Standing,25-30,,,,,,,,,
2594,Standing,25-30,,,,,,,,,
2595,Standing,25-30,,,,,,,,,
2596,Standing,20-25,,,,,,,,,
2597,Standing,30-35,,,,,,,,,
2598,Standing,30-35,,,,,,,,,
2599,Standing,30-35,,,,,,,,,
2600,Sitting,20-25,,,,,,,,,
2601,Sitting,20-25,,,,,,,,,
2602,Sitting,20-25,,,,,,,,,
2603,Sitting,20-25,,,,,,,,,
2604,Sitting,25-30,,,,,,,,,
2605,Sitting,25-30,,,,,,,,,
2606,Sitting,<20,,,,,,,,,
2607,Sitting,20-25,,,,,,,,,
2608,Sitting,20-25,,,,,,,,,
2609,Sitting,30-35,,,,,,,,,
2610,Sitting,30-35,,,,,,,,,
2611,Sitting,20-25,,,,,,,,,
2612,Sitting,30-35,,,,,,,,,
2613,Sitting,20-25,,,,,,,,,
2614,Sitting,30-35,,,,,,,,,
2615,Sitting,<20,,,,,,,,,
2616,Sitting,<20,,,,,,,,,
2617,Sitting,30-35,,,,,,,,,
2618,Sitting,30-35,,,,,,,,,
2619,Sitting,25-30,,,,,,,,,
2620,Sitting,25-30,,,,,,,,,
2621,Sitting,20-25,,,,,,,,,
2622,Sitting,20-25,,,,,,,,,
2623,Sitting,20-25,,,,,,,,,
2624,Sitting,20-25,,,,,,,,,
2625,Sitting,20-25,,,,,,,,,
2626,Sitting,30-35,,,,,,,,,
2627,Sitting,30-35,,,,,,,,,
2628,Sitting,25-30,,,,,,,,,
2629,Sitting,25-30,,,,,,,,,
2630,Sitting,30-35,,,,,,,,,
2631,Sitting,30-35,,,,,,,,,
2632,Sitting,30-35,,,,,,,,,
2633,Sitting,30-35,,,,,,,,,
2634,Laying,20-25,,,,,,,,,
2635,Laying,20-25,,,,,,,,,
2636,Laying,25-30,,,,,,,,,
2637,Laying,25-30,,,,,,,,,
2638,Laying,25-30,,,,,,,,,
2639,Laying,25-30,,,,,,,,,
2640,Laying,25-30,,,,,,,,,
2641,Laying,30-35,,,,,,,,,
2642,Laying,30-35,,,,,,,,,
2643,Laying,30-35,,,,,,,,,
2644,Laying,30-35,,,,,,,,,
2645,Laying,30-35,,,,,,,,,
2646,Laying,30-35,,,,,,,,,
2647,Laying,30-35,,,,,,,,,
2648,Laying,30-35,,,,,,,,,
2649,Laying,30-35,,,,,,,,,
2650,Laying,30-35,,,,,,,,,
2651,Laying,30-35,,,,,,,,,
2652,Laying,20-25,,,,,,,,,
2653,Laying,25-30,,,,,,,,,
2654,Laying,25-30,,,,,,,,,
2655,Laying,25-30,,,,,,,,,
2656,Laying,25-30,,,,,,,,,
2657,Laying,20-25,,,,,,,,,
2658,Laying,30-35,,,,,,,,,
2659,Laying,30-35,,,,,,,,,
2660,Laying,25-30,,,,,,,,,
2661,Laying,30-35,,,,,,,,,
2662,Laying,25-30,,,,,,,,,
2663,Laying,<20,,,,,,,,,
2664,Laying,30-35,,,,,,,,,
2665,Laying,25-30,,,,,,,,,
2666,Laying,25-30,,,,,,,,,
2667,Laying,30-35,,,,,,,,,
2668,Laying,25-30,,,,,,,,,
2669,Laying,30-35,,,,,,,,,
2670,Walking,20-25,,,,,,,,,
2671,Walking,20-25,,,,,,,,,
2672,Walking,20-25,,,,,,,,,
2673,Walking,>35,,,,,,,,,
2674,Walking,20-25,,,,,,,,,
2675,Walking,20-25,,,,,,,,,
2676,Walking,20-25,,,,,,,,,
2677,Walking,20-25,,,,,,,,,
2678,Walking,30-35,,,,,,,,,
2679,Walking,20-25,,,,,,,,,
2680,Walking,20-25,,,,,,,,,
2681,Walking,20-25,,,,,,,,,
2682,Walking,>35,,,,,,,,,
2683,Walking,>35,,,,,,,,,
2684,Walking,30-35,,,,,,,,,
2685,Walking,30-35,,,,,,,,,
2686,Walking,20-25,,,,,,,,,
2687,Walking,>35,,,,,,,,,
2688,Walking,25-30,,,,,,,,,
2689,Walking,20-25,,,,,,,,,
2690,Walking,20-25,,,,,,,,,
2691,Walking,>35,,,,,,,,,
2692,Walking,20-25,,,,,,,,,
2693,Walking,>35,,,,,,,,,
2694,Walking,30-35,,,,,,,,,
2695,Walking,25-30,,,,,,,,,
2696,Walking,25-30,,,,,,,,,
2697,Walking,25-30,,,,,,,,,
2698,Walking DownStairs,20-25,,,,,,,,,
2699,Walking DownStairs,25-30,,,,,,,,,
2700,Walking DownStairs,>35,,,,,,,,,
2701,Walking DownStairs,>35,,,,,,,,,
2702,Walking DownStairs,20-25,,,,,,,,,
2703,Walking DownStairs,20-25,,,,,,,,,
2704,Walking DownStairs,20-25,,,,,,,,,
2705,Walking DownStairs,>35,,,,,,,,,
2706,Walking DownStairs,30-35,,,,,,,,,
2707,Walking DownStairs,30-35,,,,,,,,,
2708,Walking DownStairs,30-35,,,,,,,,,
2709,Walking DownStairs,25-30,,,,,,,,,
2710,Walking DownStairs,20-25,,,,,,,,,
2711,Walking DownStairs,20-25,,,,,,,,,
2712,Walking DownStairs,20-25,,,,,,,,,
2713,Walking DownStairs,20-25,,,,,,,,,
2714,Walking DownStairs,25-30,,,,,,,,,
2715,Walking DownStairs,25-30,,,,,,,,,
2716,Walking DownStairs,25-30,,,,,,,,,
2717,Walking DownStairs,20-25,,,,,,,,,
2718,Walking DownStairs,30-35,,,,,,,,,
2719,Walking DownStairs,>35,,,,,,,,,
2720,Walking DownStairs,25-30,,,,,,,,,
2721,Walking DownStairs,>35,,,,,,,,,
2722,Walking DownStairs,20-25,,,,,,,,,
2723,Walking DownStairs,20-25,,,,,,,,,
2724,Walking DownStairs,20-25,,,,,,,,,
2725,Walking Upstairs,25-30,,,,,,,,,
2726,Walking Upstairs,>35,,,,,,,,,
2727,Walking Upstairs,20-25,,,,,,,,,
2728,Walking Upstairs,25-30,,,,,,,,,
2729,Walking Upstairs,20-25,,,,,,,,,
2730,Walking Upstairs,20-25,,,,,,,,,
2731,Walking Upstairs,20-25,,,,,,,,,
2732,Walking Upstairs,>35,,,,,,,,,
2733,Walking Upstairs,30-35,,,,,,,,,
2734,Walking Upstairs,20-25,,,,,,,,,
2735,Walking Upstairs,20-25,,,,,,,,,
2736,Walking Upstairs,20-25,,,,,,,,,
2737,Walking Upstairs,20-25,,,,,,,,,
2738,Walking Upstairs,20-25,,,,,,,,,
2739,Walking Upstairs,30-35,,,,,,,,,
2740,Walking Upstairs,20-25,,,,,,,,,
2741,Walking Upstairs,20-25,,,,,,,,,
2742,Walking Upstairs,30-35,,,,,,,,,
2743,Walking Upstairs,30-35,,,,,,,,,
2744,Walking Upstairs,20-25,,,,,,,,,
2745,Walking Upstairs,20-25,,,,,,,,,
2746,Walking Upstairs,20-25,,,,,,,,,
2747,Walking Upstairs,20-25,,,,,,,,,
2748,Walking Upstairs,25-30,,,,,,,,,
2749,Walking Upstairs,30-35,,,,,,,,,
2750,Walking Upstairs,20-25,,,,,,,,,
2751,Walking Upstairs,20-25,,,,,,,,,
2752,Walking Upstairs,30-35,,,,,,,,,
2753,Walking Upstairs,30-35,,,,,,,,,
2754,Standing,>35,,,,,,,,,
2755,Standing,25-30,,,,,,,,,
2756,Standing,25-30,,,,,,,,,
2757,Standing,20-25,,,,,,,,,
2758,Standing,20-25,,,,,,,,,
2759,Standing,25-30,,,,,,,,,
2760,Standing,<20,,,,,,,,,
2761,Standing,30-35,,,,,,,,,
2762,Standing,30-35,,,,,,,,,
2763,Standing,20-25,,,,,,,,,
2764,Standing,20-25,,,,,,,,,
2765,Standing,30-35,,,,,,,,,
2766,Standing,20-25,,,,,,,,,
2767,Standing,20-25,,,,,,,,,
2768,Standing,25-30,,,,,,,,,
2769,Standing,25-30,,,,,,,,,
2770,Standing,25-30,,,,,,,,,
2771,Standing,25-30,,,,,,,,,
2772,Standing,20-25,,,,,,,,,
2773,Standing,25-30,,,,,,,,,
2774,Standing,25-30,,,,,,,,,
2775,Standing,25-30,,,,,,,,,
2776,Standing,30-35,,,,,,,,,
2777,Standing,20-25,,,,,,,,,
2778,Standing,25-30,,,,,,,,,
2779,Standing,<20,,,,,,,,,
2780,Standing,30-35,,,,,,,,,
2781,Standing,30-35,,,,,,,,,
2782,Standing,30-35,,,,,,,,,
2783,Standing,30-35,,,,,,,,,
2784,Standing,25-30,,,,,,,,,
2785,Standing,25-30,,,,,,,,,
2786,Standing,30-35,,,,,,,,,
2787,Standing,25-30,,,,,,,,,
2788,Standing,<20,,,,,,,,,
2789,Standing,20-25,,,,,,,,,
2790,Sitting,20-25,,,,,,,,,
2791,Sitting,20-25,,,,,,,,,
2792,Sitting,25-30,,,,,,,,,
2793,Sitting,<20,,,,,,,,,
2794,Sitting,30-35,,,,,,,,,
2795,Sitting,30-35,,,,,,,,,
2796,Sitting,30-35,,,,,,,,,
2797,Sitting,30-35,,,,,,,,,
2798,Sitting,30-35,,,,,,,,,
2799,Sitting,30-35,,,,,,,,,
2800,Sitting,30-35,,,,,,,,,
2801,Sitting,<20,,,,,,,,,
2802,Sitting,30-35,,,,,,,,,
2803,Sitting,<20,,,,,,,,,
2804,Sitting,25-30,,,,,,,,,
2805,Sitting,25-30,,,,,,,,,
2806,Sitting,30-35,,,,,,,,,
2807,Sitting,20-25,,,,,,,,,
2808,Sitting,20-25,,,,,,,,,
2809,Sitting,20-25,,,,,,,,,
2810,Sitting,20-25,,,,,,,,,
2811,Sitting,25-30,,,,,,,,,
2812,Sitting,25-30,,,,,,,,,
2813,Sitting,25-30,,,,,,,,,
2814,Sitting,<20,,,,,,,,,
2815,Sitting,30-35,,,,,,,,,
2816,Sitting,30-35,,,,,,,,,
2817,Sitting,30-35,,,,,,,,,
2818,Sitting,<20,,,,,,,,,
2819,Sitting,<20,,,,,,,,,
2820,Sitting,30-35,,,,,,,,,
2821,Sitting,30-35,,,,,,,,,
2822,Sitting,<20,,,,,,,,,
2823,Sitting,25-30,,,,,,,,,
2824,Laying,20-25,,,,,,,,,
2825,Laying,20-25,,,,,,,,,
2826,Laying,20-25,,,,,,,,,
2827,Laying,25-30,,,,,,,,,
2828,Laying,25-30,,,,,,,,,
2829,Laying,25-30,,,,,,,,,
2830,Laying,20-25,,,,,,,,,
2831,Laying,20-25,,,,,,,,,
2832,Laying,30-35,,,,,,,,,
2833,Laying,30-35,,,,,,,,,
2834,Laying,30-35,,,,,,,,,
2835,Laying,30-35,,,,,,,,,
2836,Laying,<20,,,,,,,,,
2837,Laying,30-35,,,,,,,,,
2838,Laying,30-35,,,,,,,,,
2839,Laying,25-30,,,,,,,,,
2840,Laying,25-30,,,,,,,,,
2841,Laying,30-35,,,,,,,,,
2842,Laying,20-25,,,,,,,,,
2843,Laying,20-25,,,,,,,,,
2844,Laying,20-25,,,,,,,,,
2845,Laying,25-30,,,,,,,,,
2846,Laying,20-25,,,,,,,,,
2847,Laying,25-30,,,,,,,,,
2848,Laying,20-25,,,,,,,,,
2849,Laying,30-35,,,,,,,,,
2850,Laying,25-30,,,,,,,,,
2851,Laying,30-35,,,,,,,,,
2852,Laying,30-35,,,,,,,,,
2853,Laying,25-30,,,,,,,,,
2854,Laying,30-35,,,,,,,,,
2855,Laying,30-35,,,,,,,,,
2856,Laying,>35,,,,,,,,,
2857,Laying,30-35,,,,,,,,,
2858,Laying,30-35,,,,,,,,,
2859,Laying,30-35,,,,,,,,,
2860,Walking,20-25,,,,,,,,,
2861,Walking,20-25,,,,,,,,,
2862,Walking,20-25,,,,,,,,,
2863,Walking,20-25,,,,,,,,,
2864,Walking,>35,,,,,,,,,
2865,Walking,20-25,,,,,,,,,
2866,Walking,>35,,,,,,,,,
2867,Walking,25-30,,,,,,,,,
2868,Walking,20-25,,,,,,,,,
2869,Walking,20-25,,,,,,,,,
2870,Walking,25-30,,,,,,,,,
2871,Walking,25-30,,,,,,,,,
2872,Walking,20-25,,,,,,,,,
2873,Walking,20-25,,,,,,,,,
2874,Walking,30-35,,,,,,,,,
2875,Walking,30-35,,,,,,,,,
2876,Walking,>35,,,,,,,,,
2877,Walking,>35,,,,,,,,,
2878,Walking,20-25,,,,,,,,,
2879,Walking,>35,,,,,,,,,
2880,Walking,25-30,,,,,,,,,
2881,Walking,20-25,,,,,,,,,
2882,Walking,20-25,,,,,,,,,
2883,Walking,>35,,,,,,,,,
2884,Walking,20-25,,,,,,,,,
2885,Walking,25-30,,,,,,,,,
2886,Walking,25-30,,,,,,,,,
2887,Walking,20-25,,,,,,,,,
2888,Walking,20-25,,,,,,,,,
2889,Walking,20-25,,,,,,,,,
2890,Walking DownStairs,25-30,,,,,,,,,
2891,Walking DownStairs,>35,,,,,,,,,
2892,Walking DownStairs,>35,,,,,,,,,
2893,Walking DownStairs,>35,,,,,,,,,
2894,Walking DownStairs,20-25,,,,,,,,,
2895,Walking DownStairs,20-25,,,,,,,,,
2896,Walking DownStairs,25-30,,,,,,,,,
2897,Walking DownStairs,25-30,,,,,,,,,
2898,Walking DownStairs,20-25,,,,,,,,,
2899,Walking DownStairs,20-25,,,,,,,,,
2900,Walking DownStairs,30-35,,,,,,,,,
2901,Walking DownStairs,>35,,,,,,,,,
2902,Walking DownStairs,>35,,,,,,,,,
2903,Walking DownStairs,30-35,,,,,,,,,
2904,Walking DownStairs,20-25,,,,,,,,,
2905,Walking DownStairs,30-35,,,,,,,,,
2906,Walking DownStairs,25-30,,,,,,,,,
2907,Walking DownStairs,20-25,,,,,,,,,
2908,Walking DownStairs,20-25,,,,,,,,,
2909,Walking Upstairs,20-25,,,,,,,,,
2910,Walking Upstairs,25-30,,,,,,,,,
2911,Walking Upstairs,20-25,,,,,,,,,
2912,Walking Upstairs,20-25,,,,,,,,,
2913,Walking Upstairs,25-30,,,,,,,,,
2914,Walking Upstairs,25-30,,,,,,,,,
2915,Walking Upstairs,20-25,,,,,,,,,
2916,Walking Upstairs,30-35,,,,,,,,,
2917,Walking Upstairs,30-35,,,,,,,,,
2918,Walking Upstairs,30-35,,,,,,,,,
2919,Walking Upstairs,25-30,,,,,,,,,
2920,Walking Upstairs,25-30,,,,,,,,,
2921,Walking Upstairs,25-30,,,,,,,,,
2922,Walking Upstairs,25-30,,,,,,,,,
2923,Walking Upstairs,20-25,,,,,,,,,
2924,Walking Upstairs,20-25,,,,,,,,,
2925,Walking Upstairs,20-25,,,,,,,,,
2926,Walking Upstairs,30-35,,,,,,,,,
2927,Walking Upstairs,30-35,,,,,,,,,
2928,Walking Upstairs,30-35,,,,,,,,,
2929,Walking DownStairs,30-35,,,,,,,,,
2930,Walking DownStairs,30-35,,,,,,,,,
2931,Walking DownStairs,30-35,,,,,,,,,
2932,Walking DownStairs,25-30,,,,,,,,,
2933,Walking DownStairs,20-25,,,,,,,,,
2934,Walking DownStairs,20-25,,,,,,,,,
2935,Walking DownStairs,20-25,,,,,,,,,
2936,Walking DownStairs,20-25,,,,,,,,,
2937,Walking DownStairs,20-25,,,,,,,,,
2938,Walking Upstairs,25-30,,,,,,,,,
2939,Walking Upstairs,25-30,,,,,,,,,
2940,Walking Upstairs,25-30,,,,,,,,,
2941,Walking Upstairs,25-30,,,,,,,,,
2942,Walking Upstairs,25-30,,,,,,,,,
2943,Walking Upstairs,30-35,,,,,,,,,
2944,Walking Upstairs,20-25,,,,,,,,,
2945,Walking Upstairs,20-25,,,,,,,,,
2946,Walking Upstairs,30-35,,,,,,,,,
2947,Walking Upstairs,30-35,,,,,,,,,
