>35,Standing
>35,Standing
>35,Standing
>35,Standing
>35,Standing
>35,Standing
>35,Standing
20-25,Standing
20-25,Standing
>35,Standing
20-25,Standing
20-25,Standing
>35,Standing
20-25,Standing
>35,Standing
>35,Standing
>35,Standing
>35,Standing
>35,Standing
>35,Standing
>35,Standing
>35,Standing
>35,Standing
>35,Standing
>35,Standing
>35,Standing
20-25,Standing
20-25,Standing
20-25,Standing
>35,Standing
20-25,Standing
>35,Sitting
>35,Sitting
>35,Sitting
20-25,Sitting
>35,Sitting
20-25,Sitting
20-25,Sitting
20-25,Sitting
20-25,Sitting
20-25,Sitting
20-25,Sitting
20-25,Sitting
20-25,Sitting
>35,Sitting
>35,Sitting
>35,Sitting
20-25,Sitting
>35,Sitting
>35,Sitting
>35,Sitting
20-25,Sitting
>35,Sitting
>35,Sitting
20-25,Sitting
>35,Laying
>35,Laying
>35,Laying
>35,Laying
>35,Laying
>35,Laying
20-25,Laying
20-25,Laying
20-25,Laying
20-25,Laying
>35,Laying
>35,Laying
>35,Laying
>35,Laying
>35,Laying
>35,Laying
>35,Laying
>35,Laying
20-25,Laying
>35,Laying
>35,Laying
>35,Laying
>35,Laying
>35,Laying
>35,Walking
>35,Walking
>35,Walking
>35,Walking
>35,Walking
>35,Walking
>35,Walking
>35,Walking
>35,Walking
>35,Walking
>35,Walking
>35,Walking
>35,Walking
>35,Walking
>35,Walking
>35,Walking
>35,Walking
>35,Walking
>35,Walking
>35,Walking
>35,Walking
>35,Walking
>35,Walking
>35,Walking
>35,Walking
>35,Walking
>35,Walking
>35,Walking
>35,Walking
>35,Walking
>35,Walking DownStairs
>35,Walking DownStairs
>35,Walking DownStairs
>35,Walking DownStairs
>35,Walking DownStairs
>35,Walking DownStairs
>35,Walking DownStairs
>35,Walking DownStairs
>35,Walking DownStairs
>35,Walking DownStairs
>35,Walking DownStairs
>35,Walking DownStairs
>35,Walking DownStairs
>35,Walking DownStairs
>35,Walking DownStairs
>35,Walking DownStairs
>35,Walking DownStairs
>35,Walking DownStairs
>35,Walking DownStairs
>35,Walking DownStairs
>35,Walking DownStairs
>35,Walking DownStairs
>35,Walking DownStairs
>35,Walking DownStairs
>35,Walking Upstairs
>35,Walking Upstairs
>35,Walking Upstairs
>35,Walking Upstairs
>35,Walking Upstairs
>35,Walking Upstairs
>35,Walking Upstairs
>35,Walking Upstairs
>35,Walking Upstairs
>35,Walking Upstairs
>35,Walking Upstairs
>35,Walking Upstairs
>35,Walking Upstairs
>35,Walking Upstairs
>35,Walking Upstairs
>35,Walking Upstairs
>35,Walking Upstairs
>35,Walking Upstairs
>35,Walking Upstairs
>35,Walking Upstairs
>35,Walking Upstairs
>35,Walking Upstairs
>35,Walking Upstairs
>35,Walking Upstairs
>35,Walking Upstairs
>35,Standing
>35,Standing
>35,Standing
>35,Standing
>35,Standing
>35,Standing
20-25,Standing
20-25,Standing
>35,Standing
>35,Standing
>35,Standing
>35,Standing
>35,Standing
>35,Standing
>35,Standing
>35,Standing
20-25,Standing
20-25,Standing
20-25,Standing
20-25,Standing
>35,Standing
20-25,Standing
>35,Standing
>35,Sitting
>35,Sitting
>35,Sitting
>35,Sitting
>35,Sitting
20-25,Sitting
20-25,Sitting
20-25,Sitting
20-25,Sitting
20-25,Sitting
>35,Sitting
>35,Sitting
>35,Sitting
>35,Sitting
>35,Sitting
>35,Sitting
>35,Sitting
>35,Sitting
>35,Sitting
>35,Sitting
>35,Sitting
>35,Sitting
>35,Laying
>35,Laying
>35,Laying
>35,Laying
>35,Laying
>35,Laying
>35,Laying
>35,Laying
20-25,Laying
>35,Laying
20-25,Laying
>35,Laying
>35,Laying
>35,Laying
>35,Laying
>35,Laying
>35,Laying
>35,Laying
>35,Laying
20-25,Laying
>35,Laying
>35,Laying
20-25,Laying
20-25,Laying
>35,Walking
>35,Walking
>35,Walking
>35,Walking
>35,Walking
>35,Walking
>35,Walking
>35,Walking
>35,Walking
>35,Walking
>35,Walking
>35,Walking
>35,Walking
>35,Walking
>35,Walking
>35,Walking
>35,Walking
>35,Walking
>35,Walking
>35,Walking
>35,Walking
>35,Walking
>35,Walking
>35,Walking
>35,Walking
>35,Walking
>35,Walking
>35,Walking
>35,Walking
>35,Walking DownStairs
>35,Walking DownStairs
>35,Walking DownStairs
>35,Walking DownStairs
>35,Walking DownStairs
>35,Walking DownStairs
>35,Walking DownStairs
>35,Walking DownStairs
>35,Walking DownStairs
>35,Walking DownStairs
>35,Walking DownStairs
>35,Walking DownStairs
>35,Walking DownStairs
>35,Walking DownStairs
>35,Walking DownStairs
>35,Walking DownStairs
>35,Walking DownStairs
>35,Walking DownStairs
>35,Walking DownStairs
>35,Walking DownStairs
20-25,Walking DownStairs
>35,Walking DownStairs
>35,Walking DownStairs
>35,Walking Upstairs
>35,Walking Upstairs
>35,Walking Upstairs
>35,Walking Upstairs
>35,Walking Upstairs
>35,Walking Upstairs
>35,Walking Upstairs
>35,Walking Upstairs
>35,Walking Upstairs
>35,Walking Upstairs
>35,Walking Upstairs
>35,Walking Upstairs
>35,Walking Upstairs
>35,Walking Upstairs
>35,Walking Upstairs
>35,Walking Upstairs
>35,Walking Upstairs
>35,Walking Upstairs
>35,Walking Upstairs
>35,Walking Upstairs
>35,Walking Upstairs
>35,Walking Upstairs
>35,Walking Upstairs
>35,Standing
>35,Standing
>35,Standing
>35,Standing
>35,Standing
>35,Standing
>35,Standing
>35,Standing
>35,Standing
>35,Standing
>35,Standing
>35,Standing
>35,Standing
20-25,Standing
>35,Standing
>35,Standing
>35,Standing
>35,Standing
>35,Standing
>35,Standing
>35,Standing
>35,Standing
>35,Standing
>35,Standing
>35,Standing
>35,Standing
>35,Standing
>35,Standing
>35,Sitting
>35,Sitting
>35,Sitting
>35,Sitting
>35,Sitting
20-25,Sitting
>35,Sitting
20-25,Sitting
>35,Sitting
20-25,Sitting
>35,Sitting
>35,Sitting
>35,Sitting
>35,Sitting
>35,Sitting
>35,Sitting
>35,Sitting
>35,Sitting
>35,Sitting
>35,Sitting
>35,Sitting
>35,Sitting
>35,Sitting
>35,Sitting
>35,Laying
>35,Laying
>35,Laying
>35,Laying
>35,Laying
>35,Laying
>35,Laying
>35,Laying
20-25,Laying
>35,Laying
>35,Laying
>35,Laying
>35,Laying
>35,Laying
>35,Laying
20-25,Laying
>35,Laying
>35,Laying
>35,Laying
>35,Laying
>35,Laying
>35,Laying
>35,Laying
>35,Laying
>35,Laying
20-25,Laying
>35,Laying
>35,Laying
20-25,Laying
20-25,Laying
>35,Walking
>35,Walking
>35,Walking
>35,Walking
>35,Walking
>35,Walking
>35,Walking
>35,Walking
>35,Walking
>35,Walking
>35,Walking
>35,Walking
>35,Walking
>35,Walking
>35,Walking
>35,Walking
>35,Walking
>35,Walking
>35,Walking
>35,Walking
>35,Walking
>35,Walking
>35,Walking
>35,Walking
>35,Walking
>35,Walking
>35,Walking
>35,Walking
>35,Walking
>35,Walking
>35,Walking
>35,Walking DownStairs
>35,Walking DownStairs
>35,Walking DownStairs
>35,Walking DownStairs
>35,Walking DownStairs
>35,Walking DownStairs
>35,Walking DownStairs
>35,Walking DownStairs
>35,Walking DownStairs
>35,Walking DownStairs
>35,Walking DownStairs
>35,Walking DownStairs
>35,Walking DownStairs
>35,Walking DownStairs
>35,Walking DownStairs
>35,Walking DownStairs
>35,Walking DownStairs
>35,Walking DownStairs
>35,Walking DownStairs
>35,Walking DownStairs
>35,Walking DownStairs
>35,Walking DownStairs
>35,Walking DownStairs
>35,Walking Upstairs
>35,Walking Upstairs
>35,Walking Upstairs
>35,Walking Upstairs
>35,Walking Upstairs
>35,Walking Upstairs
>35,Walking Upstairs
>35,Walking Upstairs
>35,Walking Upstairs
>35,Walking Upstairs
>35,Walking Upstairs
>35,Walking Upstairs
>35,Walking Upstairs
>35,Walking Upstairs
>35,Walking Upstairs
>35,Walking Upstairs
>35,Walking Upstairs
>35,Walking Upstairs
>35,Walking Upstairs
>35,Walking Upstairs
>35,Walking Upstairs
>35,Walking Upstairs
>35,Walking Upstairs
>35,Walking Upstairs
>35,Walking Upstairs
>35,Walking Upstairs
>35,Walking Upstairs
>35,Walking Upstairs
>35,Standing
>35,Standing
>35,Standing
>35,Standing
>35,Standing
>35,Standing
>35,Standing
>35,Standing
>35,Standing
>35,Standing
>35,Standing
>35,Standing
>35,Standing
>35,Standing
20-25,Standing
>35,Standing
>35,Standing
>35,Standing
>35,Standing
>35,Standing
>35,Standing
>35,Standing
>35,Standing
>35,Standing
>35,Standing
>35,Standing
>35,Standing
>35,Standing
>35,Sitting
>35,Sitting
>35,Sitting
>35,Sitting
20-25,Sitting
>35,Sitting
>35,Sitting
20-25,Sitting
20-25,Sitting
>35,Sitting
>35,Sitting
>35,Sitting
>35,Sitting
>35,Sitting
>35,Sitting
>35,Sitting
>35,Sitting
>35,Sitting
>35,Sitting
>35,Sitting
>35,Sitting
>35,Sitting
>35,Sitting
>35,Sitting
>35,Sitting
>35,Sitting
>35,Laying
>35,Laying
>35,Laying
>35,Laying
>35,Laying
>35,Laying
>35,Laying
>35,Laying
>35,Laying
>35,Laying
>35,Laying
>35,Laying
>35,Laying
>35,Laying
>35,Laying
>35,Laying
>35,Laying
>35,Laying
>35,Laying
>35,Laying
>35,Laying
20-25,Laying
20-25,Laying
>35,Laying
>35,Walking
>35,Walking
>35,Walking
>35,Walking
>35,Walking
>35,Walking
>35,Walking
>35,Walking
>35,Walking
>35,Walking
>35,Walking
>35,Walking
>35,Walking
>35,Walking
>35,Walking
>35,Walking
>35,Walking
>35,Walking
>35,Walking
>35,Walking
>35,Walking
>35,Walking
>35,Walking
>35,Walking
>35,Walking
>35,Walking
>35,Walking
>35,Walking
>35,Walking
>35,Walking DownStairs
>35,Walking DownStairs
>35,Walking DownStairs
>35,Walking DownStairs
>35,Walking DownStairs
>35,Walking DownStairs
>35,Walking DownStairs
>35,Walking DownStairs
>35,Walking DownStairs
>35,Walking DownStairs
>35,Walking DownStairs
>35,Walking DownStairs
>35,Walking DownStairs
>35,Walking DownStairs
>35,Walking DownStairs
>35,Walking DownStairs
>35,Walking DownStairs
>35,Walking DownStairs
>35,Walking DownStairs
>35,Walking DownStairs
>35,Walking DownStairs
>35,Walking DownStairs
>35,Walking Upstairs
>35,Walking Upstairs
>35,Walking Upstairs
>35,Walking Upstairs
>35,Walking Upstairs
>35,Walking Upstairs
>35,Walking Upstairs
>35,Walking Upstairs
>35,Walking Upstairs
>35,Walking Upstairs
>35,Walking Upstairs
>35,Walking Upstairs
>35,Walking Upstairs
>35,Walking Upstairs
>35,Walking Upstairs
>35,Walking Upstairs
>35,Walking Upstairs
>35,Walking Upstairs
>35,Walking Upstairs
>35,Walking Upstairs
>35,Walking Upstairs
>35,Walking Upstairs
>35,Walking Upstairs
>35,Walking Upstairs
>35,Standing
>35,Standing
>35,Standing
20-25,Standing
>35,Standing
>35,Standing
>35,Standing
>35,Standing
20-25,Standing
>35,Standing
>35,Standing
>35,Standing
>35,Standing
>35,Standing
>35,Standing
20-25,Standing
>35,Standing
>35,Standing
>35,Standing
>35,Standing
>35,Standing
>35,Standing
>35,Sitting
>35,Sitting
>35,Sitting
>35,Sitting
20-25,Sitting
20-25,Sitting
20-25,Sitting
20-25,Sitting
20-25,Sitting
20-25,Sitting
20-25,Sitting
>35,Sitting
>35,Sitting
>35,Sitting
>35,Sitting
>35,Sitting
>35,Sitting
>35,Sitting
>35,Sitting
>35,Sitting
>35,Sitting
20-25,Sitting
20-25,Sitting
>35,Sitting
20-25,Sitting
>35,Laying
>35,Laying
>35,Laying
>35,Laying
20-25,Laying
20-25,Laying
>35,Laying
20-25,Laying
20-25,Laying
20-25,Laying
20-25,Laying
20-25,Laying
>35,Laying
>35,Laying
>35,Laying
>35,Laying
>35,Laying
>35,Laying
>35,Laying
>35,Laying
>35,Laying
>35,Laying
>35,Laying
>35,Laying
>35,Walking
>35,Walking
>35,Walking
>35,Walking
>35,Walking
>35,Walking
>35,Walking
>35,Walking
>35,Walking
>35,Walking
>35,Walking
>35,Walking
>35,Walking
>35,Walking
>35,Walking
>35,Walking
>35,Walking
>35,Walking
>35,Walking
>35,Walking
>35,Walking
>35,Walking
>35,Walking
>35,Walking
>35,Walking
>35,Walking
>35,Walking DownStairs
>35,Walking DownStairs
>35,Walking DownStairs
>35,Walking DownStairs
>35,Walking DownStairs
>35,Walking DownStairs
>35,Walking DownStairs
>35,Walking Upstairs
>35,Walking Upstairs
>35,Walking Upstairs
>35,Walking Upstairs
>35,Walking Upstairs
>35,Walking Upstairs
>35,Walking Upstairs
>35,Walking Upstairs
>35,Walking Upstairs
>35,Walking Upstairs
>35,Walking DownStairs
>35,Walking DownStairs
>35,Walking DownStairs
>35,Walking DownStairs
>35,Walking DownStairs
>35,Walking DownStairs
>35,Walking Upstairs
>35,Walking Upstairs
>35,Walking Upstairs
>35,Walking Upstairs
>35,Walking Upstairs
>35,Walking Upstairs
>35,Walking Upstairs
>35,Walking Upstairs
>35,Walking DownStairs
>35,Walking DownStairs
>35,Walking DownStairs
>35,Walking DownStairs
>35,Walking DownStairs
>35,Walking DownStairs
>35,Walking DownStairs
>35,Walking DownStairs
>35,Walking Upstairs
>35,Walking Upstairs
>35,Walking Upstairs
>35,Walking Upstairs
>35,Walking Upstairs
>35,Walking Upstairs
>35,Walking Upstairs
>35,Walking Upstairs
>35,Standing
>35,Standing
>35,Standing
>35,Standing
>35,Standing
>35,Standing
20-25,Standing
20-25,Standing
>35,Standing
>35,Standing
>35,Standing
>35,Standing
>35,Standing
>35,Standing
>35,Standing
>35,Standing
>35,Standing
>35,Standing
>35,Standing
>35,Standing
>35,Standing
>35,Standing
>35,Standing
>35,Sitting
>35,Sitting
>35,Sitting
>35,Sitting
>35,Sitting
>35,Sitting
>35,Sitting
>35,Sitting
>35,Sitting
>35,Sitting
>35,Sitting
>35,Sitting
>35,Sitting
>35,Sitting
>35,Sitting
>35,Sitting
>35,Sitting
>35,Sitting
>35,Sitting
20-25,Sitting
>35,Sitting
>35,Sitting
20-25,Sitting
>35,Sitting
>35,Sitting
>35,Laying
>35,Laying
>35,Laying
>35,Laying
>35,Laying
>35,Laying
>35,Laying
>35,Laying
>35,Laying
20-25,Laying
20-25,Laying
>35,Laying
>35,Laying
>35,Laying
>35,Laying
>35,Laying
>35,Laying
>35,Laying
>35,Laying
>35,Laying
20-25,Laying
20-25,Laying
20-25,Laying
20-25,Laying
>35,Laying
>35,Laying
>35,Walking
>35,Walking
>35,Walking
>35,Walking
>35,Walking
>35,Walking
>35,Walking
>35,Walking
>35,Walking
>35,Walking
>35,Walking
>35,Walking
>35,Walking
>35,Walking
>35,Walking
>35,Walking
>35,Walking
>35,Walking
>35,Walking
20-25,Walking
>35,Walking
>35,Walking
>35,Walking
>35,Walking
>35,Walking
>35,Walking
>35,Walking DownStairs
>35,Walking DownStairs
>35,Walking DownStairs
>35,Walking DownStairs
>35,Walking DownStairs
>35,Walking DownStairs
>35,Walking DownStairs
>35,Walking DownStairs
>35,Walking DownStairs
>35,Walking DownStairs
>35,Walking DownStairs
>35,Walking DownStairs
>35,Walking DownStairs
>35,Walking DownStairs
>35,Walking Upstairs
>35,Walking Upstairs
>35,Walking Upstairs
>35,Walking Upstairs
>35,Walking Upstairs
>35,Walking Upstairs
>35,Walking Upstairs
>35,Walking Upstairs
>35,Walking Upstairs
>35,Walking Upstairs
>35,Walking Upstairs
>35,Walking Upstairs
>35,Walking Upstairs
>35,Walking Upstairs
>35,Walking Upstairs
>35,Walking Upstairs
>35,Walking Upstairs
>35,Walking Upstairs
>35,Walking Upstairs
>35,Walking Upstairs
>35,Walking Upstairs
>35,Walking Upstairs
>35,Walking Upstairs
>35,Walking DownStairs
>35,Walking DownStairs
>35,Walking DownStairs
>35,Walking DownStairs
>35,Walking DownStairs
>35,Walking DownStairs
>35,Walking DownStairs
>35,Standing
>35,Standing
>35,Standing
>35,Standing
>35,Standing
>35,Standing
>35,Standing
20-25,Standing
20-25,Standing
20-25,Standing
20-25,Standing
>35,Standing
>35,Standing
>35,Standing
>35,Standing
>35,Standing
20-25,Standing
20-25,Standing
20-25,Standing
20-25,Standing
20-25,Standing
20-25,Standing
>35,Standing
>35,Sitting
>35,Sitting
>35,Sitting
>35,Sitting
20-25,Sitting
>35,Sitting
>35,Sitting
>35,Sitting
20-25,Sitting
20-25,Sitting
20-25,Sitting
20-25,Sitting
>35,Sitting
>35,Sitting
>35,Sitting
>35,Sitting
>35,Sitting
>35,Sitting
>35,Sitting
>35,Sitting
20-25,Sitting
20-25,Sitting
20-25,Sitting
20-25,Sitting
>35,Laying
>35,Laying
>35,Laying
>35,Laying
>35,Laying
>35,Laying
>35,Laying
20-25,Laying
20-25,Laying
20-25,Laying
20-25,Laying
20-25,Laying
20-25,Laying
>35,Laying
>35,Laying
>35,Laying
>35,Laying
>35,Laying
>35,Laying
>35,Laying
>35,Laying
>35,Laying
>35,Laying
20-25,Laying
20-25,Laying
20-25,Laying
20-25,Laying
20-25,Laying
20-25,Laying
20-25,Laying
20-25,Laying
>35,Walking
>35,Walking
>35,Walking
>35,Walking
>35,Walking
>35,Walking
>35,Walking
>35,Walking
>35,Walking
>35,Walking
>35,Walking
>35,Walking
>35,Walking
>35,Walking
>35,Walking
>35,Walking
>35,Walking
>35,Walking
>35,Walking
>35,Walking
20-25,Walking
>35,Walking
>35,Walking
>35,Walking
>35,Walking
>35,Walking
>35,Walking
>35,Walking DownStairs
>35,Walking DownStairs
>35,Walking DownStairs
>35,Walking DownStairs
>35,Walking DownStairs
>35,Walking DownStairs
>35,Walking DownStairs
>35,Walking DownStairs
>35,Walking DownStairs
>35,Walking DownStairs
>35,Walking DownStairs
>35,Walking DownStairs
>35,Walking DownStairs
>35,Walking DownStairs
>35,Walking DownStairs
>35,Walking DownStairs
>35,Walking DownStairs
>35,Walking DownStairs
>35,Walking DownStairs
>35,Walking Upstairs
>35,Walking Upstairs
>35,Walking Upstairs
>35,Walking Upstairs
>35,Walking Upstairs
>35,Walking Upstairs
>35,Walking Upstairs
>35,Walking Upstairs
>35,Walking Upstairs
>35,Walking Upstairs
>35,Walking Upstairs
>35,Walking Upstairs
>35,Walking Upstairs
>35,Walking Upstairs
>35,Walking Upstairs
>35,Walking Upstairs
>35,Walking Upstairs
>35,Walking Upstairs
>35,Walking Upstairs
>35,Walking Upstairs
>35,Walking Upstairs
>35,Walking Upstairs
>35,Walking Upstairs
>35,Standing
>35,Standing
>35,Standing
>35,Standing
>35,Standing
>35,Standing
>35,Standing
20-25,Standing
>35,Standing
>35,Standing
>35,Standing
>35,Standing
>35,Standing
>35,Standing
>35,Standing
>35,Standing
>35,Standing
>35,Standing
20-25,Standing
20-25,Standing
20-25,Standing
>35,Sitting
>35,Sitting
>35,Sitting
>35,Sitting
20-25,Sitting
>35,Sitting
>35,Sitting
>35,Sitting
20-25,Sitting
20-25,Sitting
20-25,Sitting
20-25,Sitting
20-25,Sitting
20-25,Sitting
20-25,Sitting
20-25,Sitting
20-25,Sitting
>35,Sitting
>35,Sitting
>35,Sitting
>35,Sitting
>35,Sitting
>35,Sitting
>35,Sitting
>35,Sitting
20-25,Sitting
20-25,Sitting
20-25,Sitting
20-25,Sitting
20-25,Sitting
>35,Laying
>35,Laying
>35,Laying
>35,Laying
>35,Laying
>35,Laying
>35,Laying
>35,Laying
20-25,Laying
20-25,Laying
>35,Laying
>35,Laying
>35,Laying
>35,Laying
>35,Laying
>35,Laying
>35,Laying
20-25,Laying
20-25,Laying
20-25,Laying
20-25,Laying
20-25,Laying
20-25,Laying
20-25,Laying
>35,Laying
20-25,Laying
20-25,Laying
>35,Walking
>35,Walking
>35,Walking
>35,Walking
>35,Walking
>35,Walking
>35,Walking
>35,Walking
>35,Walking
>35,Walking
>35,Walking
>35,Walking
>35,Walking
>35,Walking
>35,Walking
>35,Walking
>35,Walking
>35,Walking
>35,Walking
>35,Walking
>35,Walking
>35,Walking
>35,Walking
>35,Walking
>35,Walking
>35,Walking
>35,Walking DownStairs
>35,Walking DownStairs
>35,Walking DownStairs
>35,Walking DownStairs
>35,Walking DownStairs
>35,Walking DownStairs
>35,Walking DownStairs
>35,Walking DownStairs
>35,Walking DownStairs
>35,Walking DownStairs
>35,Walking DownStairs
>35,Walking DownStairs
>35,Walking DownStairs
>35,Walking DownStairs
>35,Walking DownStairs
>35,Walking DownStairs
>35,Walking DownStairs
>35,Walking DownStairs
>35,Walking DownStairs
>35,Walking Upstairs
>35,Walking Upstairs
>35,Walking Upstairs
>35,Walking Upstairs
>35,Walking Upstairs
>35,Walking Upstairs
>35,Walking Upstairs
>35,Walking Upstairs
>35,Walking Upstairs
>35,Walking Upstairs
>35,Walking Upstairs
>35,Walking Upstairs
>35,Walking Upstairs
>35,Walking Upstairs
>35,Walking Upstairs
>35,Walking Upstairs
>35,Walking Upstairs
>35,Walking Upstairs
>35,Walking Upstairs
>35,Walking Upstairs
>35,Walking Upstairs
>35,Walking Upstairs
>35,Walking Upstairs
>35,Walking Upstairs
>35,Standing
>35,Standing
>35,Standing
>35,Standing
20-25,Standing
>35,Standing
20-25,Standing
20-25,Standing
20-25,Standing
20-25,Standing
>35,Standing
>35,Standing
>35,Standing
20-25,Standing
>35,Standing
>35,Standing
20-25,Standing
20-25,Standing
>35,Standing
20-25,Standing
>35,Standing
>35,Standing
>35,Standing
>35,Standing
>35,Standing
>35,Standing
>35,Standing
>35,Sitting
>35,Sitting
>35,Sitting
>35,Sitting
>35,Sitting
>35,Sitting
20-25,Sitting
>35,Sitting
20-25,Sitting
20-25,Sitting
20-25,Sitting
20-25,Sitting
>35,Sitting
>35,Sitting
>35,Sitting
>35,Sitting
>35,Sitting
>35,Sitting
>35,Sitting
>35,Sitting
20-25,Sitting
>35,Sitting
>35,Sitting
>35,Sitting
>35,Sitting
>35,Sitting
>35,Sitting
>35,Sitting
>35,Laying
>35,Laying
>35,Laying
>35,Laying
>35,Laying
>35,Laying
>35,Laying
>35,Laying
>35,Laying
>35,Laying
>35,Laying
>35,Laying
>35,Laying
>35,Laying
>35,Laying
>35,Laying
>35,Laying
>35,Laying
>35,Laying
>35,Laying
>35,Laying
>35,Laying
>35,Laying
20-25,Laying
>35,Laying
>35,Laying
>35,Laying
>35,Walking
>35,Walking
>35,Walking
>35,Walking
>35,Walking
>35,Walking
>35,Walking
>35,Walking
>35,Walking
>35,Walking
>35,Walking
>35,Walking
>35,Walking
>35,Walking
>35,Walking
>35,Walking
>35,Walking
>35,Walking
>35,Walking
>35,Walking
>35,Walking
>35,Walking
>35,Walking
>35,Walking
>35,Walking
>35,Walking
>35,Walking
>35,Walking DownStairs
>35,Walking DownStairs
>35,Walking DownStairs
>35,Walking DownStairs
>35,Walking DownStairs
>35,Walking DownStairs
>35,Walking DownStairs
>35,Walking DownStairs
>35,Walking DownStairs
>35,Walking DownStairs
>35,Walking DownStairs
>35,Walking DownStairs
>35,Walking DownStairs
>35,Walking DownStairs
>35,Walking DownStairs
>35,Walking DownStairs
>35,Walking DownStairs
>35,Walking DownStairs
>35,Walking DownStairs
>35,Walking DownStairs
>35,Walking DownStairs
>35,Walking DownStairs
>35,Walking DownStairs
>35,Walking DownStairs
>35,Walking DownStairs
>35,Walking Upstairs
>35,Walking Upstairs
>35,Walking Upstairs
>35,Walking Upstairs
>35,Walking Upstairs
>35,Walking Upstairs
>35,Walking Upstairs
>35,Walking Upstairs
>35,Walking Upstairs
>35,Walking Upstairs
>35,Walking Upstairs
>35,Walking Upstairs
>35,Walking Upstairs
>35,Walking Upstairs
>35,Walking Upstairs
>35,Walking Upstairs
>35,Walking Upstairs
>35,Walking Upstairs
>35,Walking Upstairs
>35,Walking Upstairs
>35,Walking Upstairs
>35,Walking Upstairs
>35,Walking Upstairs
>35,Walking Upstairs
>35,Walking Upstairs
>35,Walking Upstairs
>35,Walking Upstairs
>35,Standing
>35,Standing
>35,Standing
>35,Standing
>35,Standing
>35,Standing
>35,Standing
>35,Standing
>35,Standing
>35,Standing
>35,Standing
>35,Standing
>35,Standing
>35,Standing
>35,Standing
>35,Standing
>35,Standing
>35,Standing
>35,Standing
>35,Standing
>35,Standing
20-25,Standing
20-25,Standing
>35,Standing
>35,Standing
>35,Standing
>35,Standing
>35,Standing
>35,Standing
>35,Standing
>35,Standing
>35,Standing
>35,Standing
>35,Standing
>35,Sitting
>35,Sitting
>35,Sitting
>35,Sitting
>35,Sitting
>35,Sitting
20-25,Sitting
>35,Sitting
>35,Sitting
>35,Sitting
>35,Sitting
>35,Sitting
>35,Sitting
>35,Sitting
20-25,Sitting
>35,Sitting
>35,Sitting
>35,Sitting
20-25,Sitting
>35,Sitting
20-25,Sitting
>35,Sitting
>35,Sitting
>35,Laying
>35,Laying
>35,Laying
>35,Laying
>35,Laying
>35,Laying
>35,Laying
>35,Laying
20-25,Laying
20-25,Laying
20-25,Laying
>35,Laying
>35,Laying
20-25,Laying
>35,Laying
20-25,Laying
>35,Laying
>35,Laying
>35,Laying
>35,Laying
>35,Laying
>35,Laying
>35,Laying
>35,Laying
>35,Laying
>35,Laying
20-25,Laying
20-25,Laying
20-25,Laying
20-25,Laying
20-25,Laying
>35,Laying
20-25,Laying
>35,Walking
>35,Walking
>35,Walking
>35,Walking
>35,Walking
>35,Walking
>35,Walking
>35,Walking
>35,Walking
>35,Walking
>35,Walking
>35,Walking
>35,Walking
>35,Walking
>35,Walking
>35,Walking
>35,Walking
>35,Walking
>35,Walking
>35,Walking
>35,Walking
>35,Walking
20-25,Walking
>35,Walking DownStairs
>35,Walking DownStairs
>35,Walking DownStairs
>35,Walking DownStairs
>35,Walking DownStairs
>35,Walking DownStairs
>35,Walking DownStairs
>35,Walking DownStairs
>35,Walking DownStairs
>35,Walking DownStairs
>35,Walking DownStairs
>35,Walking DownStairs
>35,Walking DownStairs
>35,Walking DownStairs
>35,Walking DownStairs
>35,Walking DownStairs
>35,Walking DownStairs
>35,Walking DownStairs
>35,Walking DownStairs
>35,Walking DownStairs
>35,Walking DownStairs
>35,Walking Upstairs
>35,Walking Upstairs
>35,Walking Upstairs
>35,Walking Upstairs
>35,Walking Upstairs
>35,Walking Upstairs
>35,Walking Upstairs
>35,Walking Upstairs
>35,Walking Upstairs
>35,Walking Upstairs
>35,Walking Upstairs
>35,Walking Upstairs
>35,Walking Upstairs
>35,Walking Upstairs
>35,Walking Upstairs
>35,Walking Upstairs
>35,Walking Upstairs
>35,Walking Upstairs
>35,Walking Upstairs
>35,Walking Upstairs
>35,Walking Upstairs
>35,Walking Upstairs
>35,Walking Upstairs
>35,Walking Upstairs
>35,Walking Upstairs
>35,Standing
>35,Standing
>35,Standing
>35,Standing
>35,Standing
>35,Standing
>35,Standing
>35,Standing
>35,Standing
>35,Standing
20-25,Standing
>35,Standing
>35,Standing
>35,Standing
>35,Standing
>35,Standing
>35,Standing
>35,Standing
>35,Standing
>35,Standing
20-25,Standing
20-25,Standing
20-25,Standing
20-25,Standing
>35,Standing
20-25,Standing
>35,Standing
>35,Sitting
>35,Sitting
>35,Sitting
>35,Sitting
>35,Sitting
>35,Sitting
>35,Sitting
>35,Sitting
20-25,Sitting
20-25,Sitting
20-25,Sitting
20-25,Sitting
20-25,Sitting
>35,Sitting
>35,Sitting
>35,Sitting
>35,Sitting
>35,Sitting
>35,Sitting
>35,Sitting
20-25,Sitting
20-25,Sitting
20-25,Sitting
20-25,Sitting
>35,Laying
>35,Laying
>35,Laying
>35,Laying
>35,Laying
>35,Laying
>35,Laying
>35,Laying
>35,Laying
>35,Laying
20-25,Laying
20-25,Laying
20-25,Laying
>35,Laying
>35,Laying
>35,Laying
>35,Laying
>35,Laying
>35,Laying
>35,Laying
>35,Laying
>35,Laying
>35,Laying
>35,Laying
>35,Laying
>35,Laying
>35,Laying
>35,Laying
>35,Laying
20-25,Laying
>35,Laying
>35,Laying
>35,Laying
>35,Walking
>35,Walking
>35,Walking
>35,Walking
>35,Walking
>35,Walking
>35,Walking
>35,Walking
>35,Walking
>35,Walking
>35,Walking
20-25,Walking
>35,Walking
>35,Walking
>35,Walking
>35,Walking
20-25,Walking
20-25,Walking
>35,Walking
>35,Walking
>35,Walking
>35,Walking
>35,Walking
>35,Walking
>35,Walking
>35,Walking
>35,Walking
>35,Walking
>35,Walking
>35,Walking
>35,Walking DownStairs
>35,Walking DownStairs
>35,Walking DownStairs
>35,Walking DownStairs
>35,Walking DownStairs
>35,Walking DownStairs
>35,Walking DownStairs
>35,Walking DownStairs
>35,Walking DownStairs
>35,Walking DownStairs
>35,Walking DownStairs
>35,Walking DownStairs
>35,Walking DownStairs
>35,Walking DownStairs
>35,Walking DownStairs
>35,Walking DownStairs
>35,Walking DownStairs
>35,Walking DownStairs
>35,Walking DownStairs
>35,Walking DownStairs
>35,Walking DownStairs
>35,Walking DownStairs
>35,Walking DownStairs
>35,Walking DownStairs
>35,Walking DownStairs
>35,Walking DownStairs
>35,Walking DownStairs
>35,Walking Upstairs
>35,Walking Upstairs
>35,Walking Upstairs
>35,Walking Upstairs
>35,Walking Upstairs
>35,Walking Upstairs
>35,Walking Upstairs
>35,Walking Upstairs
>35,Walking Upstairs
>35,Walking Upstairs
>35,Walking Upstairs
>35,Walking Upstairs
>35,Walking Upstairs
>35,Walking Upstairs
>35,Walking Upstairs
>35,Walking Upstairs
>35,Walking Upstairs
>35,Walking Upstairs
>35,Walking Upstairs
>35,Walking Upstairs
>35,Walking Upstairs
>35,Walking Upstairs
>35,Walking Upstairs
>35,Walking Upstairs
>35,Walking Upstairs
>35,Walking Upstairs
>35,Walking Upstairs
>35,Walking Upstairs
>35,Walking Upstairs
>35,Walking Upstairs
>35,Walking Upstairs
>35,Standing
>35,Standing
>35,Standing
>35,Standing
>35,Standing
>35,Standing
20-25,Standing
>35,Standing
>35,Standing
>35,Standing
>35,Standing
>35,Standing
>35,Standing
20-25,Standing
>35,Standing
>35,Standing
>35,Standing
>35,Standing
>35,Standing
>35,Standing
>35,Standing
20-25,Standing
20-25,Standing
20-25,Standing
20-25,Standing
>35,Standing
>35,Standing
>35,Standing
20-25,Standing
>35,Standing
>35,Sitting
>35,Sitting
>35,Sitting
>35,Sitting
20-25,Sitting
20-25,Sitting
20-25,Sitting
20-25,Sitting
20-25,Sitting
20-25,Sitting
>35,Sitting
>35,Sitting
>35,Sitting
>35,Sitting
>35,Sitting
>35,Sitting
>35,Sitting
20-25,Sitting
20-25,Sitting
>35,Sitting
20-25,Sitting
20-25,Sitting
20-25,Sitting
>35,Sitting
>35,Sitting
>35,Laying
>35,Laying
>35,Laying
>35,Laying
>35,Laying
>35,Laying
20-25,Laying
20-25,Laying
>35,Laying
20-25,Laying
>35,Laying
20-25,Laying
20-25,Laying
>35,Laying
>35,Laying
>35,Laying
>35,Laying
>35,Laying
>35,Laying
>35,Laying
20-25,Laying
20-25,Laying
20-25,Laying
>35,Laying
>35,Laying
20-25,Laying
20-25,Laying
20-25,Laying
>35,Laying
>35,Walking
>35,Walking
>35,Walking
>35,Walking
>35,Walking
>35,Walking
>35,Walking
>35,Walking
>35,Walking
>35,Walking
>35,Walking
>35,Walking
>35,Walking
>35,Walking
>35,Walking
>35,Walking
>35,Walking
>35,Walking
>35,Walking
>35,Walking
>35,Walking
>35,Walking
>35,Walking
>35,Walking
>35,Walking
>35,Walking
>35,Walking
>35,Walking DownStairs
>35,Walking DownStairs
>35,Walking DownStairs
>35,Walking DownStairs
20-25,Walking DownStairs
>35,Walking DownStairs
>35,Walking DownStairs
>35,Walking DownStairs
>35,Walking DownStairs
>35,Walking DownStairs
>35,Walking DownStairs
>35,Walking DownStairs
>35,Walking DownStairs
>35,Walking DownStairs
>35,Walking DownStairs
>35,Walking DownStairs
>35,Walking DownStairs
>35,Walking DownStairs
>35,Walking DownStairs
>35,Walking DownStairs
>35,Walking Upstairs
>35,Walking Upstairs
>35,Walking Upstairs
>35,Walking Upstairs
>35,Walking Upstairs
>35,Walking Upstairs
>35,Walking Upstairs
>35,Walking Upstairs
>35,Walking Upstairs
>35,Walking Upstairs
>35,Walking Upstairs
>35,Walking Upstairs
>35,Walking Upstairs
>35,Walking Upstairs
>35,Walking Upstairs
>35,Walking Upstairs
>35,Walking Upstairs
>35,Walking Upstairs
>35,Walking Upstairs
>35,Walking Upstairs
>35,Walking Upstairs
>35,Walking Upstairs
>35,Walking Upstairs
>35,Walking Upstairs
>35,Standing
>35,Standing
>35,Standing
20-25,Standing
20-25,Standing
20-25,Standing
20-25,Standing
>35,Standing
>35,Standing
>35,Standing
>35,Standing
>35,Standing
>35,Standing
>35,Standing
>35,Standing
>35,Standing
>35,Standing
>35,Standing
>35,Standing
>35,Standing
>35,Standing
>35,Standing
>35,Standing
>35,Standing
>35,Standing
>35,Standing
>35,Standing
20-25,Standing
20-25,Standing
20-25,Standing
>35,Standing
>35,Standing
>35,Standing
>35,Standing
>35,Standing
>35,Standing
>35,Standing
20-25,Standing
20-25,Standing
20-25,Standing
>35,Sitting
>35,Sitting
>35,Sitting
>35,Sitting
>35,Sitting
20-25,Sitting
20-25,Sitting
20-25,Sitting
20-25,Sitting
20-25,Sitting
20-25,Sitting
20-25,Sitting
20-25,Sitting
>35,Sitting
>35,Sitting
>35,Sitting
>35,Sitting
>35,Sitting
>35,Sitting
>35,Sitting
20-25,Sitting
20-25,Sitting
20-25,Sitting
20-25,Sitting
20-25,Sitting
20-25,Sitting
20-25,Sitting
20-25,Sitting
20-25,Sitting
20-25,Sitting
>35,Laying
>35,Laying
>35,Laying
>35,Laying
>35,Laying
20-25,Laying
20-25,Laying
20-25,Laying
20-25,Laying
20-25,Laying
20-25,Laying
20-25,Laying
20-25,Laying
20-25,Laying
20-25,Laying
>35,Laying
>35,Laying
>35,Laying
>35,Laying
>35,Laying
20-25,Laying
20-25,Laying
20-25,Laying
20-25,Laying
20-25,Laying
20-25,Laying
20-25,Laying
20-25,Laying
20-25,Laying
20-25,Laying
20-25,Laying
20-25,Laying
>35,Walking
>35,Walking
>35,Walking
>35,Walking
>35,Walking
>35,Walking
>35,Walking
>35,Walking
>35,Walking
>35,Walking
>35,Walking
>35,Walking
>35,Walking
>35,Walking
>35,Walking
>35,Walking
>35,Walking
>35,Walking
>35,Walking
>35,Walking
>35,Walking
>35,Walking
>35,Walking
>35,Walking
>35,Walking
>35,Walking
>35,Walking
>35,Walking
>35,Walking
>35,Walking DownStairs
>35,Walking DownStairs
>35,Walking DownStairs
>35,Walking DownStairs
>35,Walking DownStairs
>35,Walking DownStairs
>35,Walking DownStairs
>35,Walking DownStairs
>35,Walking DownStairs
>35,Walking DownStairs
>35,Walking Upstairs
>35,Walking Upstairs
>35,Walking Upstairs
>35,Walking Upstairs
>35,Walking Upstairs
>35,Walking Upstairs
>35,Walking Upstairs
>35,Walking Upstairs
>35,Walking Upstairs
>35,Walking Upstairs
>35,Walking DownStairs
>35,Walking DownStairs
>35,Walking DownStairs
>35,Walking DownStairs
>35,Walking DownStairs
>35,Walking DownStairs
>35,Walking DownStairs
>35,Walking DownStairs
>35,Walking DownStairs
>35,Walking Upstairs
>35,Walking Upstairs
>35,Walking Upstairs
>35,Walking Upstairs
>35,Walking Upstairs
>35,Walking Upstairs
>35,Walking Upstairs
>35,Walking Upstairs
>35,Walking Upstairs
>35,Walking DownStairs
>35,Walking DownStairs
>35,Walking DownStairs
>35,Walking DownStairs
>35,Walking DownStairs
>35,Walking DownStairs
>35,Walking DownStairs
>35,Walking DownStairs
>35,Walking DownStairs
>35,Walking Upstairs
>35,Walking Upstairs
>35,Walking Upstairs
>35,Walking Upstairs
>35,Walking Upstairs
>35,Walking Upstairs
>35,Walking Upstairs
>35,Walking Upstairs
>35,Walking Upstairs
>35,Walking Upstairs
>35,Standing
>35,Standing
>35,Standing
>35,Standing
>35,Standing
20-25,Standing
>35,Standing
>35,Standing
>35,Standing
20-25,Standing
20-25,Standing
>35,Standing
>35,Standing
20-25,Standing
20-25,Standing
20-25,Standing
20-25,Standing
>35,Standing
>35,Standing
>35,Standing
>35,Standing
>35,Standing
20-25,Standing
20-25,Standing
20-25,Standing
20-25,Standing
20-25,Standing
20-25,Standing
20-25,Standing
20-25,Standing
20-25,Standing
>35,Standing
20-25,Standing
>35,Sitting
>35,Sitting
>35,Sitting
>35,Sitting
20-25,Sitting
20-25,Sitting
20-25,Sitting
20-25,Sitting
20-25,Sitting
20-25,Sitting
20-25,Sitting
20-25,Sitting
20-25,Sitting
>35,Sitting
>35,Sitting
>35,Sitting
>35,Sitting
>35,Sitting
>35,Sitting
>35,Sitting
20-25,Sitting
20-25,Sitting
20-25,Sitting
20-25,Sitting
20-25,Sitting
20-25,Sitting
20-25,Sitting
>35,Laying
>35,Laying
>35,Laying
>35,Laying
>35,Laying
>35,Laying
>35,Laying
>35,Laying
20-25,Laying
20-25,Laying
>35,Laying
20-25,Laying
>35,Laying
20-25,Laying
20-25,Laying
>35,Laying
>35,Laying
>35,Laying
>35,Laying
>35,Laying
>35,Laying
>35,Laying
20-25,Laying
20-25,Laying
>35,Laying
20-25,Laying
>35,Laying
20-25,Laying
20-25,Laying
>35,Laying
20-25,Laying
>35,Laying
>35,Laying
>35,Walking
>35,Walking
>35,Walking
>35,Walking
>35,Walking
>35,Walking
>35,Walking
>35,Walking
>35,Walking
>35,Walking
>35,Walking
>35,Walking
>35,Walking
>35,Walking
>35,Walking
>35,Walking
>35,Walking
>35,Walking
>35,Walking
>35,Walking
>35,Walking
>35,Walking
>35,Walking
>35,Walking
>35,Walking
>35,Walking
>35,Walking
>35,Walking DownStairs
>35,Walking DownStairs
>35,Walking DownStairs
>35,Walking DownStairs
>35,Walking DownStairs
>35,Walking DownStairs
>35,Walking DownStairs
>35,Walking DownStairs
>35,Walking DownStairs
>35,Walking DownStairs
>35,Walking DownStairs
>35,Walking DownStairs
>35,Walking DownStairs
>35,Walking DownStairs
>35,Walking DownStairs
>35,Walking DownStairs
>35,Walking DownStairs
>35,Walking DownStairs
>35,Walking Upstairs
>35,Walking Upstairs
>35,Walking Upstairs
>35,Walking Upstairs
>35,Walking Upstairs
>35,Walking Upstairs
>35,Walking Upstairs
>35,Walking Upstairs
>35,Walking Upstairs
>35,Walking Upstairs
>35,Walking Upstairs
>35,Walking Upstairs
>35,Walking Upstairs
>35,Walking Upstairs
>35,Walking Upstairs
>35,Walking Upstairs
>35,Walking Upstairs
>35,Walking Upstairs
>35,Walking Upstairs
>35,Walking Upstairs
>35,Walking Upstairs
>35,Walking Upstairs
>35,Walking Upstairs
>35,Walking Upstairs
>35,Walking Upstairs
>35,Walking Upstairs
>35,Walking Upstairs
>35,Walking Upstairs
>35,Walking Upstairs
>35,Walking DownStairs
>35,Walking DownStairs
>35,Walking DownStairs
>35,Walking DownStairs
>35,Walking DownStairs
>35,Walking DownStairs
>35,Walking DownStairs
>35,Walking DownStairs
>35,Walking DownStairs
20-25,Standing
>35,Standing
>35,Standing
20-25,Standing
>35,Standing
>35,Standing
>35,Standing
>35,Standing
>35,Standing
>35,Standing
>35,Standing
>35,Standing
20-25,Standing
20-25,Standing
20-25,Standing
20-25,Standing
>35,Standing
>35,Standing
>35,Standing
>35,Standing
>35,Standing
>35,Standing
>35,Standing
>35,Standing
>35,Standing
>35,Standing
>35,Standing
>35,Standing
>35,Standing
>35,Standing
>35,Standing
>35,Standing
>35,Standing
>35,Standing
>35,Standing
>35,Standing
>35,Standing
>35,Standing
>35,Sitting
>35,Sitting
>35,Sitting
>35,Sitting
>35,Sitting
>35,Sitting
>35,Sitting
20-25,Sitting
20-25,Sitting
20-25,Sitting
>35,Sitting
20-25,Sitting
20-25,Sitting
20-25,Sitting
20-25,Sitting
20-25,Sitting
20-25,Sitting
20-25,Sitting
20-25,Sitting
20-25,Sitting
>35,Sitting
>35,Sitting
>35,Sitting
>35,Sitting
>35,Sitting
>35,Sitting
>35,Sitting
>35,Sitting
>35,Sitting
>35,Sitting
>35,Sitting
20-25,Sitting
>35,Sitting
>35,Sitting
>35,Sitting
>35,Sitting
>35,Laying
>35,Laying
>35,Laying
>35,Laying
>35,Laying
>35,Laying
>35,Laying
>35,Laying
>35,Laying
20-25,Laying
20-25,Laying
>35,Laying
20-25,Laying
>35,Laying
>35,Laying
20-25,Laying
20-25,Laying
>35,Laying
>35,Laying
>35,Laying
>35,Laying
>35,Laying
>35,Laying
20-25,Laying
20-25,Laying
20-25,Laying
>35,Laying
>35,Laying
>35,Laying
>35,Laying
20-25,Laying
>35,Walking
>35,Walking
>35,Walking
>35,Walking
>35,Walking
>35,Walking
>35,Walking
20-25,Walking
20-25,Walking
>35,Walking
>35,Walking
>35,Walking
>35,Walking
>35,Walking
>35,Walking
>35,Walking
>35,Walking
>35,Walking
>35,Walking
>35,Walking
>35,Walking
>35,Walking
>35,Walking
>35,Walking
>35,Walking
>35,Walking
>35,Walking
>35,Walking DownStairs
>35,Walking DownStairs
>35,Walking DownStairs
>35,Walking DownStairs
>35,Walking DownStairs
>35,Walking DownStairs
>35,Walking DownStairs
>35,Walking DownStairs
>35,Walking DownStairs
>35,Walking DownStairs
>35,Walking DownStairs
>35,Walking DownStairs
>35,Walking DownStairs
>35,Walking DownStairs
>35,Walking DownStairs
>35,Walking DownStairs
>35,Walking DownStairs
>35,Walking DownStairs
>35,Walking DownStairs
>35,Walking DownStairs
>35,Walking DownStairs
>35,Walking DownStairs
>35,Walking Upstairs
>35,Walking Upstairs
>35,Walking Upstairs
>35,Walking Upstairs
>35,Walking Upstairs
>35,Walking Upstairs
>35,Walking Upstairs
>35,Walking Upstairs
>35,Walking Upstairs
>35,Walking Upstairs
>35,Walking Upstairs
>35,Walking Upstairs
>35,Walking Upstairs
>35,Walking Upstairs
>35,Walking Upstairs
>35,Walking Upstairs
>35,Walking Upstairs
>35,Walking Upstairs
>35,Walking Upstairs
>35,Walking Upstairs
>35,Walking Upstairs
>35,Walking Upstairs
>35,Walking Upstairs
>35,Walking Upstairs
>35,Walking Upstairs
>35,Walking Upstairs
>35,Standing
>35,Standing
>35,Standing
>35,Standing
>35,Standing
>35,Standing
>35,Standing
>35,Standing
>35,Standing
>35,Standing
>35,Standing
>35,Standing
>35,Standing
>35,Standing
>35,Standing
>35,Standing
>35,Standing
>35,Standing
>35,Standing
>35,Standing
>35,Standing
>35,Standing
>35,Standing
>35,Standing
>35,Standing
>35,Standing
>35,Standing
>35,Standing
20-25,Standing
>35,Standing
>35,Standing
>35,Standing
>35,Standing
20-25,Standing
20-25,Standing
>35,Sitting
>35,Sitting
>35,Sitting
>35,Sitting
>35,Sitting
>35,Sitting
>35,Sitting
20-25,Sitting
20-25,Sitting
20-25,Sitting
20-25,Sitting
20-25,Sitting
20-25,Sitting
>35,Sitting
>35,Sitting
>35,Sitting
>35,Sitting
>35,Sitting
>35,Sitting
>35,Sitting
>35,Sitting
>35,Sitting
>35,Sitting
>35,Sitting
>35,Sitting
>35,Sitting
>35,Sitting
>35,Sitting
>35,Sitting
20-25,Sitting
>35,Laying
>35,Laying
>35,Laying
>35,Laying
>35,Laying
>35,Laying
>35,Laying
>35,Laying
20-25,Laying
20-25,Laying
>35,Laying
20-25,Laying
>35,Laying
>35,Laying
>35,Laying
20-25,Laying
20-25,Laying
20-25,Laying
>35,Laying
>35,Laying
>35,Laying
>35,Laying
>35,Laying
>35,Laying
20-25,Laying
20-25,Laying
20-25,Laying
20-25,Laying
20-25,Laying
>35,Laying
20-25,Laying
>35,Laying
20-25,Laying
20-25,Laying
20-25,Laying
20-25,Laying
>35,Laying
>35,Walking
>35,Walking
>35,Walking
>35,Walking
>35,Walking
>35,Walking
>35,Walking
>35,Walking
>35,Walking
>35,Walking
>35,Walking
>35,Walking
>35,Walking
>35,Walking
>35,Walking
20-25,Walking
>35,Walking
>35,Walking
>35,Walking
>35,Walking
>35,Walking
20-25,Walking
>35,Walking
>35,Walking
>35,Walking DownStairs
>35,Walking DownStairs
>35,Walking DownStairs
>35,Walking DownStairs
>35,Walking DownStairs
>35,Walking DownStairs
>35,Walking DownStairs
>35,Walking DownStairs
>35,Walking DownStairs
>35,Walking DownStairs
>35,Walking DownStairs
>35,Walking DownStairs
>35,Walking DownStairs
>35,Walking DownStairs
>35,Walking DownStairs
>35,Walking DownStairs
>35,Walking DownStairs
>35,Walking DownStairs
>35,Walking DownStairs
>35,Walking DownStairs
>35,Walking DownStairs
>35,Walking DownStairs
>35,Walking DownStairs
>35,Walking Upstairs
>35,Walking Upstairs
>35,Walking Upstairs
>35,Walking Upstairs
>35,Walking Upstairs
>35,Walking Upstairs
>35,Walking Upstairs
>35,Walking Upstairs
>35,Walking Upstairs
>35,Walking Upstairs
>35,Walking Upstairs
20-25,Walking Upstairs
>35,Walking Upstairs
>35,Walking Upstairs
>35,Walking Upstairs
>35,Walking Upstairs
>35,Walking Upstairs
>35,Walking Upstairs
>35,Walking Upstairs
>35,Walking Upstairs
>35,Walking Upstairs
>35,Walking Upstairs
>35,Walking Upstairs
>35,Walking Upstairs
>35,Walking Upstairs
>35,Standing
>35,Standing
>35,Standing
>35,Standing
>35,Standing
>35,Standing
>35,Standing
>35,Standing
>35,Standing
>35,Standing
>35,Standing
>35,Standing
>35,Standing
>35,Standing
>35,Standing
20-25,Standing
20-25,Standing
20-25,Standing
>35,Standing
>35,Standing
>35,Standing
>35,Standing
>35,Standing
>35,Standing
>35,Standing
>35,Standing
>35,Standing
>35,Standing
>35,Standing
>35,Standing
20-25,Standing
>35,Standing
>35,Standing
>35,Sitting
>35,Sitting
>35,Sitting
>35,Sitting
20-25,Sitting
>35,Sitting
20-25,Sitting
>35,Sitting
>35,Sitting
20-25,Sitting
20-25,Sitting
>35,Sitting
20-25,Sitting
>35,Sitting
20-25,Sitting
20-25,Sitting
20-25,Sitting
20-25,Sitting
20-25,Sitting
>35,Sitting
>35,Sitting
>35,Sitting
>35,Sitting
>35,Sitting
>35,Sitting
>35,Sitting
>35,Sitting
20-25,Sitting
>35,Sitting
>35,Sitting
>35,Sitting
>35,Sitting
20-25,Sitting
20-25,Sitting
>35,Laying
>35,Laying
>35,Laying
>35,Laying
>35,Laying
>35,Laying
20-25,Laying
>35,Laying
>35,Laying
>35,Laying
20-25,Laying
>35,Laying
>35,Laying
20-25,Laying
>35,Laying
>35,Laying
>35,Laying
>35,Laying
>35,Laying
>35,Laying
>35,Laying
>35,Laying
>35,Laying
>35,Laying
>35,Laying
>35,Laying
>35,Laying
>35,Laying
>35,Laying
20-25,Laying
>35,Laying
>35,Laying
20-25,Laying
>35,Laying
>35,Laying
>35,Laying
>35,Walking
>35,Walking
>35,Walking
>35,Walking
>35,Walking
>35,Walking
>35,Walking
>35,Walking
>35,Walking
>35,Walking
>35,Walking
>35,Walking
>35,Walking
>35,Walking
>35,Walking
>35,Walking
>35,Walking
>35,Walking
>35,Walking
>35,Walking
>35,Walking
>35,Walking
>35,Walking
>35,Walking
>35,Walking
>35,Walking
>35,Walking
>35,Walking
>35,Walking DownStairs
>35,Walking DownStairs
>35,Walking DownStairs
>35,Walking DownStairs
>35,Walking DownStairs
>35,Walking DownStairs
>35,Walking DownStairs
>35,Walking DownStairs
>35,Walking DownStairs
>35,Walking DownStairs
>35,Walking DownStairs
>35,Walking DownStairs
>35,Walking DownStairs
>35,Walking DownStairs
>35,Walking DownStairs
>35,Walking DownStairs
>35,Walking DownStairs
>35,Walking DownStairs
>35,Walking DownStairs
>35,Walking DownStairs
>35,Walking DownStairs
>35,Walking DownStairs
>35,Walking DownStairs
>35,Walking DownStairs
>35,Walking DownStairs
>35,Walking DownStairs
>35,Walking DownStairs
>35,Walking Upstairs
>35,Walking Upstairs
>35,Walking Upstairs
>35,Walking Upstairs
>35,Walking Upstairs
>35,Walking Upstairs
>35,Walking Upstairs
>35,Walking Upstairs
>35,Walking Upstairs
>35,Walking Upstairs
>35,Walking Upstairs
>35,Walking Upstairs
>35,Walking Upstairs
>35,Walking Upstairs
>35,Walking Upstairs
>35,Walking Upstairs
>35,Walking Upstairs
>35,Walking Upstairs
>35,Walking Upstairs
>35,Walking Upstairs
>35,Walking Upstairs
>35,Walking Upstairs
>35,Walking Upstairs
>35,Walking Upstairs
>35,Walking Upstairs
>35,Walking Upstairs
>35,Walking Upstairs
>35,Walking Upstairs
>35,Walking Upstairs
>35,Standing
>35,Standing
>35,Standing
>35,Standing
>35,Standing
>35,Standing
20-25,Standing
20-25,Standing
20-25,Standing
>35,Standing
>35,Standing
>35,Standing
>35,Standing
>35,Standing
>35,Standing
>35,Standing
>35,Standing
>35,Standing
>35,Standing
>35,Standing
>35,Standing
>35,Standing
>35,Standing
>35,Standing
>35,Standing
>35,Standing
>35,Standing
20-25,Standing
>35,Standing
20-25,Standing
>35,Standing
>35,Standing
>35,Standing
>35,Standing
20-25,Standing
>35,Standing
>35,Sitting
>35,Sitting
>35,Sitting
>35,Sitting
>35,Sitting
>35,Sitting
>35,Sitting
20-25,Sitting
20-25,Sitting
20-25,Sitting
20-25,Sitting
20-25,Sitting
20-25,Sitting
20-25,Sitting
>35,Sitting
>35,Sitting
>35,Sitting
>35,Sitting
>35,Sitting
>35,Sitting
>35,Sitting
>35,Sitting
>35,Sitting
>35,Sitting
20-25,Sitting
>35,Sitting
>35,Sitting
>35,Sitting
20-25,Sitting
20-25,Sitting
20-25,Sitting
20-25,Sitting
20-25,Sitting
>35,Sitting
>35,Laying
>35,Laying
>35,Laying
>35,Laying
>35,Laying
>35,Laying
>35,Laying
20-25,Laying
>35,Laying
20-25,Laying
>35,Laying
>35,Laying
20-25,Laying
>35,Laying
>35,Laying
>35,Laying
20-25,Laying
>35,Laying
>35,Laying
>35,Laying
>35,Laying
>35,Laying
>35,Laying
>35,Laying
>35,Laying
>35,Laying
20-25,Laying
>35,Laying
>35,Laying
>35,Laying
>35,Laying
>35,Laying
20-25,Laying
>35,Laying
>35,Laying
20-25,Laying
>35,Walking
>35,Walking
>35,Walking
>35,Walking
>35,Walking
>35,Walking
>35,Walking
>35,Walking
>35,Walking
>35,Walking
>35,Walking
>35,Walking
>35,Walking
>35,Walking
>35,Walking
>35,Walking
>35,Walking
>35,Walking
>35,Walking
>35,Walking
20-25,Walking
>35,Walking
>35,Walking
>35,Walking
>35,Walking
>35,Walking
>35,Walking
>35,Walking
>35,Walking
>35,Walking
>35,Walking DownStairs
>35,Walking DownStairs
>35,Walking DownStairs
>35,Walking DownStairs
>35,Walking DownStairs
>35,Walking DownStairs
>35,Walking DownStairs
>35,Walking DownStairs
>35,Walking DownStairs
>35,Walking DownStairs
>35,Walking DownStairs
>35,Walking DownStairs
>35,Walking DownStairs
>35,Walking DownStairs
>35,Walking DownStairs
>35,Walking DownStairs
>35,Walking DownStairs
>35,Walking DownStairs
>35,Walking DownStairs
>35,Walking Upstairs
>35,Walking Upstairs
>35,Walking Upstairs
>35,Walking Upstairs
>35,Walking Upstairs
>35,Walking Upstairs
>35,Walking Upstairs
>35,Walking Upstairs
>35,Walking Upstairs
>35,Walking Upstairs
>35,Walking Upstairs
>35,Walking Upstairs
>35,Walking Upstairs
>35,Walking Upstairs
>35,Walking Upstairs
>35,Walking Upstairs
>35,Walking Upstairs
>35,Walking Upstairs
>35,Walking Upstairs
>35,Walking Upstairs
>35,Walking DownStairs
>35,Walking DownStairs
>35,Walking DownStairs
>35,Walking DownStairs
>35,Walking DownStairs
>35,Walking DownStairs
>35,Walking DownStairs
>35,Walking DownStairs
>35,Walking DownStairs
>35,Walking Upstairs
>35,Walking Upstairs
>35,Walking Upstairs
>35,Walking Upstairs
>35,Walking Upstairs
>35,Walking Upstairs
>35,Walking Upstairs
>35,Walking Upstairs
>35,Walking Upstairs
>35,Walking Upstairs
